stock_id,name,isin,market,listed_date
1101,台泥,TW0001101004,TWSE,1962-02-09
1102,亞泥,TW0001102002,TWSE,1962-06-08
1103,嘉泥,TW0001103000,TWSE,1969-11-14
1104,環泥,TW0001104008,TWSE,1971-02-01
1108,幸福,TW0001108009,TWSE,1990-06-06
1109,信大,TW0001109007,TWSE,1991-12-05
1110,東泥,TW0001110005,TWSE,1994-10-22
1201,味全,TW0001201002,TWSE,1962-02-09
1203,味王,TW0001203008,TWSE,1964-08-24
1210,大成,TW0001210003,TWSE,1978-05-20
1213,大飲,TW0001213007,TWSE,1981-04-10
1215,卜蜂,TW0001215002,TWSE,1987-07-27
1216,統一,TW0001216000,TWSE,1987-12-28
1217,愛之味,TW0001217008,TWSE,1989-10-28
1218,泰山,TW0001218006,TWSE,1989-11-11
1219,福壽,TW0001219004,TWSE,1990-12-01
1220,台榮,TW0001220002,TWSE,1991-11-20
1225,福懋油,TW0001225001,TWSE,1993-09-27
1227,佳格,TW0001227007,TWSE,1994-04-09
1229,聯華,TW0001229003,TWSE,1976-07-19
1231,聯華食,TW0001231009,TWSE,1995-11-02
1232,大統益,TW0001232007,TWSE,1996-02-09
1233,天仁,TW0001233005,TWSE,1999-01-20
1234,黑松,TW0001234003,TWSE,1999-03-12
1235,興泰,TW0001235000,TWSE,2000-09-11
1236,宏亞,TW0001236008,TWSE,2001-09-17
1256,鮮活果汁-KY,KYG858681003,TWSE,2016-03-17
1301,台塑,TW0001301000,TWSE,1964-07-27
1303,南亞,TW0001303006,TWSE,1967-11-05
1304,台聚,TW0001304004,TWSE,1972-05-20
1305,華夏,TW0001305001,TWSE,1973-03-05
1307,三芳,TW0001307007,TWSE,1985-11-23
1308,亞聚,TW0001308005,TWSE,1986-06-20
1309,台達化,TW0001309003,TWSE,1986-06-27
1310,台苯,TW0001310001,TWSE,1987-08-06
1312,國喬,TW0001312007,TWSE,1988-12-21
1313,聯成,TW0001313005,TWSE,1989-03-27
1314,中石化,TW0001314003,TWSE,1991-07-12
1315,達新,TW0001315000,TWSE,1992-05-09
1316,上曜,TW0001316008,TWSE,1992-10-15
1319,東陽,TW0001319002,TWSE,1994-12-12
1321,大洋,TW0001321008,TWSE,1999-01-26
1323,永裕,TW0001323004,TWSE,2000-09-11
1324,地球,TW0001324002,TWSE,2000-09-11
1325,恆大,TW0001325009,TWSE,2000-09-11
1326,台化,TW0001326007,TWSE,1984-12-20
1337,再生-KY,KYG0539R1039,TWSE,2011-07-01
1338,廣華-KY,KYG451001070,TWSE,2012-12-19
1339,昭輝,TW0001339000,TWSE,2012-04-24
1340,勝悅-KY,KYG935971054,TWSE,2013-12-06
1341,富林-KY,KYG3730M1050,TWSE,2018-12-24
1342,八貫,TW0001342004,TWSE,2020-11-24
1402,遠東新,TW0001402006,TWSE,1967-04-14
1409,新纖,TW0001409001,TWSE,1973-08-31
1410,南染,TW0001410009,TWSE,1973-10-18
1413,宏洲,TW0001413003,TWSE,1975-12-23
1414,東和,TW0001414001,TWSE,1976-02-02
1416,廣豐,TW0001416006,TWSE,1976-04-20
1417,嘉裕,TW0001417004,TWSE,1976-12-28
1418,東華,TW0001418002,TWSE,1977-02-14
1419,新紡,TW0001419000,TWSE,1977-03-14
1423,利華,TW0001423002,TWSE,1979-04-02
1432,大魯閣,TW0001432003,TWSE,1982-07-26
1434,福懋,TW0001434009,TWSE,1985-12-24
1435,中福,TW0001435006,TWSE,1987-12-28
1436,華友聯,TW0001436004,TWSE,1988-04-11
1437,勤益控,TW0001437002,TWSE,1988-11-10
1438,三地開發,TW0001438000,TWSE,1988-12-15
1439,雋揚,TW0001439008,TWSE,1989-05-22
1440,南紡,TW0001440006,TWSE,1989-10-03
1441,大東,TW0001441004,TWSE,1989-10-27
1442,名軒,TW0001442002,TWSE,1989-11-16
1443,立益物流,TW0001443000,TWSE,1990-04-21
1444,力麗,TW0001444008,TWSE,1990-08-08
1445,大宇,TW0001445005,TWSE,1991-02-05
1446,宏和,TW0001446003,TWSE,1991-10-15
1447,力鵬,TW0001447001,TWSE,1992-01-28
1449,佳和,TW0001449007,TWSE,1992-03-12
1451,年興,TW0001451003,TWSE,1992-12-21
1452,宏益,TW0001452001,TWSE,1992-12-28
1453,大將,TW0001453009,TWSE,1993-04-19
1454,台富,TW0001454007,TWSE,1993-05-07
1455,集盛,TW0001455004,TWSE,1993-10-07
1456,怡華,TW0001456002,TWSE,1993-12-09
1457,宜進,TW0001457000,TWSE,1994-10-20
1459,聯發,TW0001459006,TWSE,1994-10-26
1460,宏遠,TW0001460004,TWSE,1995-04-28
1463,強盛新,TW0001463008,TWSE,1996-12-05
1464,得力,TW0001464006,TWSE,1997-01-18
1465,偉全,TW0001465003,TWSE,1997-09-08
1466,聚隆,TW0001466001,TWSE,1998-04-04
1467,南緯,TW0001467009,TWSE,1998-12-21
1468,昶和,TW0001468007,TWSE,1999-01-21
1470,大統新創,TW0001470003,TWSE,1999-05-21
1471,首利,TW0001471001,TWSE,2000-03-06
1472,三洋實業,TW0001472009,TWSE,2000-09-11
1473,台南,TW0001473007,TWSE,2000-09-11
1474,弘裕,TW0001474005,TWSE,2000-10-31
1475,業旺,TW0001475002,TWSE,2000-10-27
1476,儒鴻,TW0001476000,TWSE,2001-04-18
1477,聚陽,TW0001477008,TWSE,2003-01-21
1503,士電,TW0001503001,TWSE,1969-12-15
1504,東元,TW0001504009,TWSE,1973-11-05
1506,正道,TW0001506004,TWSE,1980-08-11
1512,瑞利,TW0001512002,TWSE,1994-01-28
1513,中興電,TW0001513000,TWSE,1994-03-08
1514,亞力,TW0001514008,TWSE,1994-03-26
1515,力山,TW0001515005,TWSE,1995-02-04
1516,川飛,TW0001516003,TWSE,1995-04-01
1517,利奇,TW0001517001,TWSE,1995-11-14
1519,華城,TW0001519007,TWSE,1997-04-16
1521,大億,TW0001521003,TWSE,1997-10-06
1522,堤維西,TW0001522001,TWSE,1997-10-06
1524,耿鼎,TW0001524007,TWSE,1998-10-30
1525,江申,TW0001525004,TWSE,1999-05-15
1526,日馳,TW0001526002,TWSE,2000-03-27
1527,鑽全,TW0001527000,TWSE,2000-06-21
1528,恩德,TW0001528008,TWSE,2000-09-11
1529,樂事綠能,TW0001529006,TWSE,2000-09-11
1530,亞崴,TW0001530004,TWSE,2000-09-11
1531,高林股,TW0001531002,TWSE,2000-09-11
1532,勤美,TW0001532000,TWSE,2000-09-11
1533,車王電,TW0001533008,TWSE,2001-04-06
1535,中宇,TW0001535003,TWSE,2001-09-17
1536,和大,TW0001536001,TWSE,2001-09-17
1537,廣隆,TW0001537009,TWSE,2002-01-22
1538,正峰,TW0001538007,TWSE,2002-08-26
1539,巨庭,TW0001539005,TWSE,2002-10-29
1540,喬福,TW0001540003,TWSE,2002-08-26
1541,錩泰,TW0001541001,TWSE,2003-03-19
1558,伸興,TW0001558005,TWSE,2014-12-23
1560,中砂,TW0001560001,TWSE,2005-01-31
1563,巧新,TW0001563005,TWSE,2024-05-13
1568,倉佑,TW0001568004,TWSE,2014-05-14
1582,信錦,TW0001582005,TWSE,2009-12-17
1583,程泰,TW0001583003,TWSE,2008-01-24
1587,吉茂,TW0001587004,TWSE,2018-04-16
1589,永冠-KY,KYG984291065,TWSE,2012-04-27
1590,亞德客-KY,KYG014081064,TWSE,2010-12-13
1597,直得,TW0001597003,TWSE,2020-12-23
1598,岱宇,TW0001598001,TWSE,2016-09-20
1603,華電,TW0001603009,TWSE,1968-06-03
1604,聲寶,TW0001604007,TWSE,1970-12-14
1605,華新,TW0001605004,TWSE,1972-11-03
1608,華榮,TW0001608008,TWSE,1988-07-11
1609,大亞,TW0001609006,TWSE,1988-12-12
1611,中電,TW0001611002,TWSE,1990-01-16
1612,宏泰,TW0001612000,TWSE,1993-05-08
1614,三洋電,TW0001614006,TWSE,1997-09-18
1615,大山,TW0001615003,TWSE,2000-03-30
1616,億泰,TW0001616001,TWSE,2000-09-11
1617,榮星,TW0001617009,TWSE,2000-09-11
1618,合機,TW0001618007,TWSE,2000-09-11
1626,艾美特-KY,KYG0135T1076,TWSE,2013-03-21
1702,南僑,TW0001702009,TWSE,1973-05-30
1707,葡萄王,TW0001707008,TWSE,1982-12-20
1708,東鹼,TW0001708006,TWSE,1986-06-16
1709,和益,TW0001709004,TWSE,1986-07-03
1710,東聯,TW0001710002,TWSE,1987-10-21
1711,永光,TW0001711000,TWSE,1988-12-27
1712,興農,TW0001712008,TWSE,1989-12-14
1713,國化,TW0001713006,TWSE,1990-01-31
1714,和桐,TW0001714004,TWSE,1991-08-30
1717,長興,TW0001717007,TWSE,1994-03-31
1718,中纖,TW0001718005,TWSE,1963-12-02
1720,生達,TW0001720001,TWSE,1995-12-12
1721,三晃,TW0001721009,TWSE,1996-05-16
1722,台肥,TW0001722007,TWSE,1998-03-24
1723,中碳,TW0001723005,TWSE,1998-11-27
1725,元禎,TW0001725000,TWSE,2000-09-11
1726,永記,TW0001726008,TWSE,2000-09-11
1727,中華化,TW0001727006,TWSE,2000-09-11
1730,花仙子,TW0001730000,TWSE,2001-09-17
1731,美吾華,TW0001731008,TWSE,2001-09-17
1732,毛寶,TW0001732006,TWSE,2001-09-17
1733,五鼎,TW0001733004,TWSE,2001-09-17
1734,杏輝,TW0001734002,TWSE,2002-08-26
1735,日勝化,TW0001735009,TWSE,2002-08-26
1736,喬山,TW0001736007,TWSE,2003-01-09
1737,臺鹽,TW0001737005,TWSE,2003-11-18
1752,南光,TW0001752004,TWSE,2022-01-19
1760,寶齡富錦,TW0001760007,TWSE,2018-01-23
1762,中化生,TW0001762003,TWSE,2010-12-20
1773,勝一,TW0001773000,TWSE,2009-02-27
1776,展宇,TW0001776003,TWSE,2016-05-09
1783,和康生,TW0001783009,TWSE,2013-12-20
1786,科妍,TW0001786002,TWSE,2013-11-12
1789,神隆,TW0001789006,TWSE,2011-09-29
1795,美時,TW0001795003,TWSE,2019-12-16
1802,台玻,TW0001802007,TWSE,1973-07-20
1805,寶徠,TW0001805000,TWSE,1989-10-20
1806,冠軍,TW0001806008,TWSE,1992-09-29
1808,潤隆,TW0001808004,TWSE,1994-10-26
1809,中釉,TW0001809002,TWSE,1996-04-30
1810,和成,TW0001810000,TWSE,1991-10-14
1817,凱撒衛,TW0001817005,TWSE,2013-10-24
1903,士紙,TW0001903003,TWSE,1963-12-09
1904,正隆,TW0001904001,TWSE,1971-09-10
1905,華紙,TW0001905008,TWSE,1975-02-07
1906,寶隆,TW0001906006,TWSE,1976-04-26
1907,永豐餘,TW0001907004,TWSE,1977-02-22
1909,榮成,TW0001909000,TWSE,1985-11-19
2002,中鋼,TW0002002003,TWSE,1974-12-26
2006,東和鋼鐵,TW0002006004,TWSE,1988-07-13
2007,燁興,TW0002007002,TWSE,1988-10-04
2008,高興昌,TW0002008000,TWSE,1988-12-28
2009,第一銅,TW0002009008,TWSE,1989-10-20
2010,春源,TW0002010006,TWSE,1989-12-22
2012,春雨,TW0002012002,TWSE,1991-10-17
2013,中鋼構,TW0002013000,TWSE,1992-01-21
2014,中鴻,TW0002014008,TWSE,1992-02-20
2015,豐興,TW0002015005,TWSE,1992-05-25
2017,官田鋼,TW0002017001,TWSE,1992-11-02
2020,美亞,TW0002020005,TWSE,1993-04-27
2022,聚亨,TW0002022001,TWSE,1995-03-27
2023,燁輝,TW0002023009,TWSE,1995-07-28
2024,志聯,TW0002024007,TWSE,1995-12-30
2025,千興,TW0002025004,TWSE,1996-02-08
2027,大成鋼,TW0002027000,TWSE,1996-10-24
2028,威致,TW0002028008,TWSE,1996-12-13
2029,盛餘,TW0002029006,TWSE,1997-01-11
2030,彰源,TW0002030004,TWSE,1998-12-24
2031,新光鋼,TW0002031002,TWSE,2000-09-11
2032,新鋼,TW0002032000,TWSE,2000-09-11
2033,佳大,TW0002033008,TWSE,2000-09-11
2034,允強,TW0002034006,TWSE,2001-09-17
2038,海光,TW0002038007,TWSE,2008-12-30
2049,上銀,TW0002049004,TWSE,2009-06-26
2059,川湖,TW0002059003,TWSE,2008-06-25
2062,橋椿,TW0002062007,TWSE,2007-11-16
2069,運錩,TW0002069002,TWSE,2016-03-22
2101,南港,TW0002101003,TWSE,1963-11-01
2102,泰豐,TW0002102001,TWSE,1979-07-16
2103,台橡,TW0002103009,TWSE,1982-09-25
2104,國際中橡,TW0002104007,TWSE,1986-07-15
2105,正新,TW0002105004,TWSE,1987-12-07
2106,建大,TW0002106002,TWSE,1990-12-20
2107,厚生,TW0002107000,TWSE,1992-03-03
2108,南帝,TW0002108008,TWSE,1992-10-27
2109,華豐,TW0002109006,TWSE,2000-05-08
2114,鑫永銓,TW0002114006,TWSE,2010-12-29
2115,六暉-KY,KYG5700L1086,TWSE,2013-12-25
2201,裕隆,TW0002201001,TWSE,1976-07-08
2204,中華,TW0002204005,TWSE,1991-03-12
2206,三陽工業,TW0002206000,TWSE,1996-07-29
2207,和泰車,TW0002207008,TWSE,1997-02-25
2208,台船,TW0002208006,TWSE,2008-12-22
2211,長榮鋼,TW0002211000,TWSE,2021-04-12
2227,裕日車,TW0002227006,TWSE,2004-12-21
2228,劍麟,TW0002228004,TWSE,2013-11-25
2231,為升,TW0002231008,TWSE,2010-11-19
2233,宇隆,TW0002233004,TWSE,2019-09-17
2236,百達-KY,KYG693691092,TWSE,2015-06-03
2239,英利-KY,KYG1991F1081,TWSE,2016-01-27
2241,艾姆勒,TW0002241007,TWSE,2020-08-26
2243,宏旭-KY,KYG460651014,TWSE,2017-09-27
2247,汎德永業,TW0002247004,TWSE,2020-10-12
2248,華勝-KY,KYG8T24R1076,TWSE,2025-03-13
2250,IKKA-KY,KYG4R56R1099,TWSE,2021-05-31
2301,光寶科,TW0002301009,TWSE,1995-11-17
2302,麗正,TW0002302007,TWSE,1985-01-15
2303,聯電,TW0002303005,TWSE,1985-07-16
2305,全友,TW0002305000,TWSE,1988-10-21
2308,台達電,TW0002308004,TWSE,1988-12-19
2312,金寶,TW0002312006,TWSE,1989-11-07
2313,華通,TW0002313004,TWSE,1990-07-24
2314,台揚,TW0002314002,TWSE,1990-08-08
2316,楠梓電,TW0002316007,TWSE,1991-02-05
2317,鴻海,TW0002317005,TWSE,1991-06-18
2321,東訊,TW0002321007,TWSE,1991-11-08
2323,中環,TW0002323003,TWSE,1992-02-17
2324,仁寶,TW0002324001,TWSE,1992-02-18
2327,國巨*,TW0002327004,TWSE,1993-10-22
2328,廣宇,TW0002328002,TWSE,1993-11-09
2329,華泰,TW0002329000,TWSE,1994-04-20
2330,台積電,TW0002330008,TWSE,1994-09-05
2331,精英,TW0002331006,TWSE,1994-09-21
2332,友訊,TW0002332004,TWSE,1994-10-17
2337,旺宏,TW0002337003,TWSE,1995-03-15
2338,光罩,TW0002338001,TWSE,1995-04-17
2340,台亞,TW0002340007,TWSE,1995-05-02
2342,茂矽,TW0002342003,TWSE,1995-09-19
2344,華邦電,TW0002344009,TWSE,1995-10-18
2345,智邦,TW0002345006,TWSE,1995-11-15
2347,聯強,TW0002347002,TWSE,1995-12-13
2348,海悅,TW0002348000,TWSE,1996-01-05
2349,錸德,TW0002349008,TWSE,1996-04-23
2351,順德,TW0002351004,TWSE,1996-04-25
2352,佳世達,TW0002352002,TWSE,1996-07-22
2353,宏碁,TW0002353000,TWSE,1996-09-18
2354,鴻準,TW0002354008,TWSE,1996-10-08
2355,敬鵬,TW0002355005,TWSE,1996-10-14
2356,英業達,TW0002356003,TWSE,1996-11-13
2357,華碩,TW0002357001,TWSE,1996-11-14
2359,所羅門,TW0002359007,TWSE,1996-12-19
2360,致茂,TW0002360005,TWSE,1996-12-21
2362,藍天,TW0002362001,TWSE,1997-04-02
2363,矽統,TW0002363009,TWSE,1997-08-01
2364,倫飛,TW0002364007,TWSE,1997-08-11
2365,昆盈,TW0002365004,TWSE,1997-11-03
2367,燿華,TW0002367000,TWSE,1997-12-13
2368,金像電,TW0002368008,TWSE,1998-03-09
2369,菱生,TW0002369006,TWSE,1998-04-10
2371,大同,TW0002371002,TWSE,1962-02-09
2373,震旦行,TW0002373008,TWSE,1991-08-01
2374,佳能,TW0002374006,TWSE,1995-01-16
2375,凱美,TW0002375003,TWSE,1998-08-29
2376,技嘉,TW0002376001,TWSE,1998-09-24
2377,微星,TW0002377009,TWSE,1998-10-31
2379,瑞昱,TW0002379005,TWSE,1998-10-26
2380,虹光,TW0002380003,TWSE,1998-12-03
2382,廣達,TW0002382009,TWSE,1999-01-08
2383,台光電,TW0002383007,TWSE,1998-11-27
2385,群光,TW0002385002,TWSE,1999-01-05
2387,精元,TW0002387008,TWSE,1999-01-25
2388,威盛,TW0002388006,TWSE,1999-03-05
2390,云辰,TW0002390002,TWSE,1999-06-15
2392,正崴,TW0002392008,TWSE,1999-09-20
2393,億光,TW0002393006,TWSE,1999-11-04
2395,研華,TW0002395001,TWSE,1999-12-13
2397,友通,TW0002397007,TWSE,2000-01-15
2399,映泰,TW0002399003,TWSE,1999-12-16
2401,凌陽,TW0002401007,TWSE,2000-01-27
2402,毅嘉,TW0002402005,TWSE,2000-01-14
2404,漢唐,TW0002404001,TWSE,2000-03-14
2405,輔信,TW0002405008,TWSE,2000-03-17
2406,國碩,TW0002406006,TWSE,2000-04-29
2408,南亞科,TW0002408002,TWSE,2000-08-17
2409,友達,TW0002409000,TWSE,2000-09-08
2412,中華電,TW0002412004,TWSE,2000-10-27
2413,環科,TW0002413002,TWSE,2000-09-11
2414,精技,TW0002414000,TWSE,2000-09-11
2415,錩新,TW0002415007,TWSE,2000-09-11
2417,圓剛,TW0002417003,TWSE,2000-09-11
2419,仲琦,TW0002419009,TWSE,2000-09-11
2420,新巨,TW0002420007,TWSE,2000-09-11
2421,建準,TW0002421005,TWSE,2000-09-11
2423,固緯,TW0002423001,TWSE,2000-09-11
2424,隴華,TW0002424009,TWSE,2000-09-11
2425,承啟,TW0002425006,TWSE,2000-09-11
2426,鼎元,TW0002426004,TWSE,2000-09-11
2427,三商電,TW0002427002,TWSE,2000-09-11
2428,興勤,TW0002428000,TWSE,2000-09-11
2429,銘旺科,TW0002429008,TWSE,2000-09-11
2430,燦坤,TW0002430006,TWSE,2000-09-11
2431,聯昌,TW0002431004,TWSE,2000-09-11
2433,互盛電,TW0002433000,TWSE,2000-09-11
2434,統懋,TW0002434008,TWSE,2000-09-11
2436,偉詮電,TW0002436003,TWSE,2000-09-11
2438,翔耀,TW0002438009,TWSE,2000-09-11
2439,美律,TW0002439007,TWSE,2000-09-11
2440,太空梭,TW0002440005,TWSE,2000-11-10
2441,超豐,TW0002441003,TWSE,2000-10-26
2442,新美齊,TW0002442001,TWSE,2000-11-22
2444,兆勁,TW0002444007,TWSE,2000-12-08
2449,京元電子,TW0002449006,TWSE,2001-05-09
2450,神腦,TW0002450004,TWSE,2001-05-24
2451,創見,TW0002451002,TWSE,2001-05-03
2453,凌群,TW0002453008,TWSE,2001-05-22
2454,聯發科,TW0002454006,TWSE,2001-07-23
2455,全新,TW0002455003,TWSE,2002-01-24
2457,飛宏,TW0002457009,TWSE,2001-09-17
2458,義隆,TW0002458007,TWSE,2001-09-17
2459,敦吉,TW0002459005,TWSE,2001-09-17
2460,建通,TW0002460003,TWSE,2001-09-17
2461,光群雷,TW0002461001,TWSE,2001-09-17
2462,良得電,TW0002462009,TWSE,2001-09-17
2464,盟立,TW0002464005,TWSE,2001-09-17
2465,麗臺,TW0002465002,TWSE,2001-09-19
2466,冠西電,TW0002466000,TWSE,2001-09-17
2467,志聖,TW0002467008,TWSE,2001-09-17
2468,華經,TW0002468006,TWSE,2001-09-17
2471,資通,TW0002471000,TWSE,2001-09-17
2472,立隆電,TW0002472008,TWSE,2001-09-17
2474,可成,TW0002474004,TWSE,2001-09-17
2476,鉅祥,TW0002476009,TWSE,2001-09-17
2477,美隆電,TW0002477007,TWSE,2001-09-17
2478,大毅,TW0002478005,TWSE,2001-09-17
2480,敦陽科,TW0002480001,TWSE,2001-09-17
2481,強茂,TW0002481009,TWSE,2001-09-17
2482,連宇,TW0002482007,TWSE,2001-09-17
2483,百容,TW0002483005,TWSE,2001-09-17
2484,希華,TW0002484003,TWSE,2001-09-17
2485,兆赫,TW0002485000,TWSE,2001-09-17
2486,一詮,TW0002486008,TWSE,2001-09-19
2488,漢平,TW0002488004,TWSE,2001-09-17
2489,瑞軒,TW0002489002,TWSE,2001-09-17
2491,吉祥全,TW0002491008,TWSE,2001-09-17
2492,華新科,TW0002492006,TWSE,2001-09-17
2493,揚博,TW0002493004,TWSE,2002-01-23
2495,普安,TW0002495009,TWSE,2002-03-25
2496,卓越,TW0002496007,TWSE,2002-03-08
2497,怡利電,TW0002497005,TWSE,2002-02-04
2498,宏達電,TW0002498003,TWSE,2002-03-26
2501,國建,TW0002501004,TWSE,1967-10-28
2504,國產,TW0002504008,TWSE,1978-03-14
2505,國揚,TW0002505005,TWSE,1979-11-14
2506,太設,TW0002506003,TWSE,1980-02-02
2509,全坤建,TW0002509007,TWSE,1988-05-20
2511,太子,TW0002511003,TWSE,1991-04-24
2514,龍邦,TW0002514007,TWSE,1992-09-26
2515,中工,TW0002515004,TWSE,1993-03-02
2516,新建,TW0002516002,TWSE,1993-05-25
2520,冠德,TW0002520004,TWSE,1993-10-27
2524,京城,TW0002524006,TWSE,1994-10-18
2527,宏璟,TW0002527009,TWSE,1995-03-06
2528,皇普,TW0002528007,TWSE,1995-03-10
2530,華建,TW0002530003,TWSE,1995-10-12
2534,宏盛,TW0002534005,TWSE,1996-02-12
2535,達欣工,TW0002535002,TWSE,1996-03-11
2536,宏普,TW0002536000,TWSE,1996-03-14
2537,聯上發,TW0002537008,TWSE,1996-09-06
2538,基泰,TW0002538006,TWSE,1996-11-01
2539,櫻花建,TW0002539004,TWSE,1997-07-16
2540,愛山林,TW0002540002,TWSE,1989-12-26
2542,興富發,TW0002542008,TWSE,1999-05-03
2543,皇昌,TW0002543006,TWSE,1999-10-15
2545,皇翔,TW0002545001,TWSE,2000-09-11
2546,根基,TW0002546009,TWSE,2000-09-11
2547,日勝生,TW0002547007,TWSE,2000-12-22
2548,華固,TW0002548005,TWSE,2002-08-26
2597,潤弘,TW0002597002,TWSE,2010-03-26
2601,益航,TW0002601002,TWSE,1965-11-04
2603,長榮,TW0002603008,TWSE,1987-09-21
2605,新興,TW0002605003,TWSE,1989-12-08
2606,裕民,TW0002606001,TWSE,1990-12-08
2607,榮運,TW0002607009,TWSE,1990-12-14
2608,嘉里大榮,TW0002608007,TWSE,1990-12-20
2609,陽明,TW0002609005,TWSE,1992-04-20
2610,華航,TW0002610003,TWSE,1993-02-26
2611,志信,TW0002611001,TWSE,1993-10-28
2612,中航,TW0002612009,TWSE,1994-10-20
2613,中櫃,TW0002613007,TWSE,1995-01-20
2614,東森,TW0002614005,TWSE,1995-09-23
2615,萬海,TW0002615002,TWSE,1996-05-16
2616,山隆,TW0002616000,TWSE,1997-11-08
2617,台航,TW0002617008,TWSE,1998-06-24
2618,長榮航,TW0002618006,TWSE,2001-09-17
2630,亞航,TW0002630001,TWSE,2018-02-22
2633,台灣高鐵,TW0002633005,TWSE,2016-10-27
2634,漢翔,TW0002634003,TWSE,2014-08-25
2636,台驊控股,TW0002636008,TWSE,2016-12-22
2637,慧洋-KY,KYG9721M1033,TWSE,2010-12-01
2642,宅配通,TW0002642006,TWSE,2013-12-12
2645,長榮航太,TW0002645009,TWSE,2023-03-14
2646,星宇航空,TW0002646007,TWSE,2024-10-25
2701,萬企,TW0002701000,TWSE,1965-03-22
2702,華園,TW0002702008,TWSE,1965-02-14
2704,國賓,TW0002704004,TWSE,1982-11-10
2705,六福,TW0002705001,TWSE,1988-12-24
2706,第一店,TW0002706009,TWSE,1991-06-25
2707,晶華,TW0002707007,TWSE,1998-03-09
2712,遠雄來,TW0002712007,TWSE,2013-12-03
2722,夏都,TW0002722006,TWSE,2012-03-14
2723,美食-KY,KYG4002A1004,TWSE,2010-11-22
2727,王品,TW0002727005,TWSE,2012-03-06
2731,雄獅,TW0002731007,TWSE,2013-09-24
2739,寒舍,TW0002739000,TWSE,2016-05-19
2748,雲品,TW0002748001,TWSE,2016-11-23
2753,八方雲集,TW0002753001,TWSE,2021-09-09
2762,世界健身-KY,KYG9823E1089,TWSE,2024-01-24
2801,彰銀,TW0002801008,TWSE,1962-02-15
2809,京城銀,TW0002809001,TWSE,1983-07-20
2812,台中銀,TW0002812005,TWSE,1984-05-15
2816,旺旺保,TW0002816006,TWSE,1992-05-05
2820,華票,TW0002820008,TWSE,1994-10-26
2832,台產,TW0002832003,TWSE,1997-09-30
2834,臺企銀,TW0002834009,TWSE,1998-01-03
2836,高雄銀,TW0002836004,TWSE,1998-05-18
2838,聯邦銀,TW0002838000,TWSE,1998-06-29
2845,遠東銀,TW0002845005,TWSE,1998-11-27
2849,安泰銀,TW0002849007,TWSE,1999-09-27
2850,新產,TW0002850005,TWSE,2000-05-22
2851,中再保,TW0002851003,TWSE,2000-07-06
2852,第一保,TW0002852001,TWSE,2000-11-28
2855,統一證,TW0002855004,TWSE,2002-09-16
2867,三商壽,TW0002867009,TWSE,2012-12-18
2880,華南金,TW0002880002,TWSE,2001-12-19
2881,富邦金,TW0002881000,TWSE,2001-12-19
2882,國泰金,TW0002882008,TWSE,2001-12-31
2884,玉山金,TW0002884004,TWSE,2002-01-28
2885,元大金,TW0002885001,TWSE,2002-02-04
2886,兆豐金,TW0002886009,TWSE,2002-02-04
2887,台新新光金,TW0002887007,TWSE,2002-02-18
2889,國票金,TW0002889003,TWSE,2002-03-26
2890,永豐金,TW0002890001,TWSE,2002-05-09
2891,中信金,TW0002891009,TWSE,2002-05-17
2892,第一金,TW0002892007,TWSE,2003-01-02
2897,王道銀行,TW0002897006,TWSE,2017-05-05
2901,欣欣,TW0002901006,TWSE,1976-05-07
2903,遠百,TW0002903002,TWSE,1978-10-11
2904,匯僑,TW0002904000,TWSE,1983-01-05
2905,三商,TW0002905007,TWSE,1988-09-19
2906,高林,TW0002906005,TWSE,1989-12-26
2908,特力,TW0002908001,TWSE,1993-02-18
2910,統領,TW0002910007,TWSE,1996-12-30
2911,麗嬰房,TW0002911005,TWSE,1997-01-18
2912,統一超,TW0002912003,TWSE,1997-08-22
2913,農林,TW0002913001,TWSE,1962-02-09
2915,潤泰全,TW0002915006,TWSE,1977-07-20
2923,鼎固-KY,KYG8190L1095,TWSE,2012-12-07
2929,淘帝-KY,KYG8922A1085,TWSE,2013-12-30
2939,永邑-KY,KYG108031074,TWSE,2018-01-11
2945,三商家購,TW0002945003,TWSE,2021-11-30
3002,歐格,TW0003002002,TWSE,2002-01-23
3003,健和興,TW0003003000,TWSE,2002-02-19
3004,豐達科,TW0003004008,TWSE,2002-02-25
3005,神基,TW0003005005,TWSE,2002-02-25
3006,晶豪科,TW0003006003,TWSE,2002-03-04
3008,大立光,TW0003008009,TWSE,2002-03-11
3010,華立,TW0003010005,TWSE,2002-07-22
3011,今皓,TW0003011003,TWSE,2002-07-22
3013,晟銘電,TW0003013009,TWSE,2002-09-16
3014,聯陽,TW0003014007,TWSE,2002-10-29
3015,全漢,TW0003015004,TWSE,2002-10-16
3016,嘉晶,TW0003016002,TWSE,2002-12-24
3017,奇鋐,TW0003017000,TWSE,2002-09-27
3018,隆銘綠能,TW0003018008,TWSE,2002-08-26
3019,亞光,TW0003019006,TWSE,2002-08-26
3021,鴻名,TW0003021002,TWSE,2002-08-26
3022,威強電,TW0003022000,TWSE,2002-08-26
3023,信邦,TW0003023008,TWSE,2002-08-26
3024,憶聲,TW0003024006,TWSE,2002-08-26
3025,星通,TW0003025003,TWSE,2002-08-26
3026,禾伸堂,TW0003026001,TWSE,2002-08-26
3027,盛達,TW0003027009,TWSE,2002-08-26
3028,增你強,TW0003028007,TWSE,2002-08-26
3029,零壹,TW0003029005,TWSE,2002-08-26
3030,德律,TW0003030003,TWSE,2002-10-29
3031,佰鴻,TW0003031001,TWSE,2002-08-26
3032,偉訓,TW0003032009,TWSE,2002-08-26
3033,威健,TW0003033007,TWSE,2002-08-26
3034,聯詠,TW0003034005,TWSE,2002-08-26
3035,智原,TW0003035002,TWSE,2002-08-26
3036,文曄,TW0003036000,TWSE,2002-08-26
3037,欣興,TW0003037008,TWSE,2002-08-26
3038,全台,TW0003038006,TWSE,2002-08-26
3040,遠見,TW0003040002,TWSE,2002-08-26
3041,揚智,TW0003041000,TWSE,2002-08-26
3042,晶技,TW0003042008,TWSE,2002-08-26
3043,科風,TW0003043006,TWSE,2002-08-26
3044,健鼎,TW0003044004,TWSE,2002-08-26
3045,台灣大,TW0003045001,TWSE,2002-08-26
3046,建碁,TW0003046009,TWSE,2002-08-26
3047,訊舟,TW0003047007,TWSE,2002-08-26
3048,益登,TW0003048005,TWSE,2002-10-01
3049,精金,TW0003049003,TWSE,2002-09-27
3050,鈺德,TW0003050001,TWSE,2002-10-29
3051,力特,TW0003051009,TWSE,2002-10-28
3052,夆典,TW0003052007,TWSE,1995-11-25
3054,立萬利,TW0003054003,TWSE,2002-11-18
3055,蔚華科,TW0003055000,TWSE,2002-12-12
3056,富華新,TW0003056008,TWSE,2003-03-03
3057,喬鼎,TW0003057006,TWSE,2002-12-18
3058,立德,TW0003058004,TWSE,2002-12-09
3059,華晶科,TW0003059002,TWSE,2002-12-24
3060,銘異,TW0003060000,TWSE,2003-04-21
3062,建漢,TW0003062006,TWSE,2003-07-28
3090,日電貿,TW0003090007,TWSE,2007-12-31
3092,鴻碩,TW0003092003,TWSE,2021-05-13
3094,聯傑,TW0003094009,TWSE,2007-08-06
3130,一零四,TW0003130001,TWSE,2006-02-17
3135,凌航,TW0003135000,TWSE,2025-08-06
3138,耀登,TW0003138004,TWSE,2020-12-11
3149,正達,TW0003149001,TWSE,2011-11-23
3164,景岳,TW0003164000,TWSE,2010-03-22
3167,大量,TW0003167003,TWSE,2013-10-21
3168,眾福科,TW0003168001,TWSE,2024-03-26
3189,景碩,TW0003189007,TWSE,2004-11-01
3209,全科,TW0003209003,TWSE,2008-11-26
3229,晟鈦,TW0003229001,TWSE,2009-12-31
3231,緯創,TW0003231007,TWSE,2003-08-19
3257,虹冠電,TW0003257002,TWSE,2011-03-21
3266,昇陽,TW0003266003,TWSE,2014-12-24
3296,勝德,TW0003296000,TWSE,2007-12-31
3305,昇貿,TW0003305009,TWSE,2008-07-10
3308,聯德,TW0003308003,TWSE,2008-03-12
3311,閎暉,TW0003311007,TWSE,2004-03-08
3312,弘憶股,TW0003312005,TWSE,2010-12-29
3321,同泰,TW0003321006,TWSE,2015-12-15
3338,泰碩,TW0003338000,TWSE,2013-12-13
3346,麗清,TW0003346003,TWSE,2016-12-19
3356,奇偶,TW0003356002,TWSE,2005-03-28
3376,新日興,TW0003376000,TWSE,2007-12-31
3380,明泰,TW0003380002,TWSE,2004-12-20
3406,玉晶光,TW0003406005,TWSE,2005-12-20
3413,京鼎,TW0003413001,TWSE,2015-07-28
3416,融程電,TW0003416004,TWSE,2015-01-23
3419,譁裕,TW0003419008,TWSE,2008-01-21
3432,台端,TW0003432001,TWSE,2010-12-30
3437,榮創,TW0003437000,TWSE,2014-07-09
3443,創意,TW0003443008,TWSE,2006-11-03
3447,展達,TW0003447009,TWSE,2022-12-15
3450,聯鈞,TW0003450003,TWSE,2006-04-12
3454,晶睿,TW0003454005,TWSE,2011-07-22
3481,群創,TW0003481008,TWSE,2006-10-24
3494,誠研,TW0003494001,TWSE,2007-12-13
3501,維熹,TW0003501003,TWSE,2007-09-20
3504,揚明光,TW0003504007,TWSE,2007-01-26
3515,華擎,TW0003515003,TWSE,2007-11-08
3518,柏騰,TW0003518007,TWSE,2007-11-28
3528,安馳,TW0003528006,TWSE,2016-05-18
3530,晶相光,TW0003530002,TWSE,2018-07-16
3532,台勝科,TW0003532008,TWSE,2007-12-10
3533,嘉澤,TW0003533006,TWSE,2007-12-10
3535,晶彩科,TW0003535001,TWSE,2008-01-31
3543,州巧,TW0003543005,TWSE,2020-04-15
3545,敦泰,TW0003545000,TWSE,2007-07-03
3550,聯穎,TW0003550000,TWSE,2010-11-10
3557,嘉威,TW0003557005,TWSE,2008-02-27
3563,牧德,TW0003563003,TWSE,2019-04-02
3576,聯合再生,TW0003576005,TWSE,2009-01-12
3583,辛耘,TW0003583001,TWSE,2013-03-12
3588,通嘉,TW0003588000,TWSE,2009-08-14
3591,艾笛森,TW0003591004,TWSE,2010-11-12
3592,瑞鼎,TW0003592002,TWSE,2022-01-07
3593,力銘,TW0003593000,TWSE,2009-03-16
3596,智易,TW0003596003,TWSE,2009-03-11
3605,宏致,TW0003605002,TWSE,2009-03-26
3607,谷崧,TW0003607008,TWSE,2009-10-28
3617,碩天,TW0003617007,TWSE,2009-12-23
3622,洋華,TW0003622007,TWSE,2009-03-25
3645,達邁,TW0003645008,TWSE,2011-10-05
3652,精聯,TW0003652004,TWSE,2022-09-21
3653,健策,TW0003653002,TWSE,2009-11-18
3661,世芯-KY,KYG022421088,TWSE,2014-10-28
3665,貿聯-KY,KYG114741062,TWSE,2011-04-21
3669,圓展,TW0003669008,TWSE,2011-08-25
3673,TPK-KY,KYG898431096,TWSE,2010-10-29
3679,新至陞,TW0003679007,TWSE,2011-10-05
3686,達能,TW0003686002,TWSE,2010-07-20
3694,海華,TW0003694006,TWSE,2011-05-03
3701,大眾控,TW0003701009,TWSE,2004-08-30
3702,大聯大,TW0003702007,TWSE,2005-11-09
3703,欣陸,TW0003703005,TWSE,2010-04-08
3704,合勤控,TW0003704003,TWSE,2010-08-16
3705,永信,TW0003705000,TWSE,2011-01-03
3706,神達,TW0003706008,TWSE,2013-09-12
3708,上緯投控,TW0003708004,TWSE,2016-08-31
3711,日月光投控,TW0003711008,TWSE,2018-04-30
3712,永崴投控,TW0003712006,TWSE,2018-10-01
3714,富采,TW0003714002,TWSE,2021-01-06
3715,定穎投控,TW0003715009,TWSE,2022-08-25
3716,中化控股,TW0003716007,TWSE,2024-09-02
3717,聯嘉投控,TW0003717005,TWSE,2018-05-09
4104,佳醫,TW0004104005,TWSE,2007-12-31
4106,雃博,TW0004106000,TWSE,2004-11-08
4108,懷特,TW0004108006,TWSE,2008-07-16
4119,旭富,TW0004119003,TWSE,2004-01-07
4133,亞諾法,TW0004133004,TWSE,2009-12-28
4137,麗豐-KY,KYG211641017,TWSE,2013-11-27
4142,國光生,TW0004142005,TWSE,2012-05-03
4148,全宇生技-KY,KYG0232P1072,TWSE,2017-06-08
4155,訊映,TW0004155007,TWSE,2017-12-05
4164,承業醫,TW0004164009,TWSE,2012-10-24
4190,佐登-KY,KYG518761039,TWSE,2015-10-21
4306,炎洲,TW0004306006,TWSE,2008-01-21
4414,如興,TW0004414008,TWSE,2004-09-06
4426,利勤,TW0004426002,TWSE,2011-12-16
4438,廣越,TW0004438007,TWSE,2016-10-18
4439,冠星-KY,KYG9114F1037,TWSE,2019-12-05
4440,宜新實業,TW0004440003,TWSE,2021-10-25
4526,東台,TW0004526009,TWSE,2003-09-15
4532,瑞智,TW0004532007,TWSE,2003-08-04
4536,拓凱,TW0004536008,TWSE,2013-10-09
4540,全球傳動,TW0004540000,TWSE,2018-08-15
4545,銘鈺,TW0004545009,TWSE,2016-01-06
4551,智伸科,TW0004551007,TWSE,2015-08-10
4552,力達-KY,KYG5479W1033,TWSE,2016-07-20
4555,氣立,TW0004555008,TWSE,2015-10-27
4557,永新-KY,KYG988461011,TWSE,2015-10-12
4560,強信-KY,KYG853531039,TWSE,2017-05-26
4562,穎漢,TW0004562004,TWSE,2017-08-21
4564,元翎,TW0004564000,TWSE,2019-03-07
4566,時碩工業,TW0004566005,TWSE,2018-02-05
4569,六方科-KY,KYG8192T1004,TWSE,2023-07-31
4571,鈞興-KY,KYG5258M1024,TWSE,2019-09-17
4572,駐龍,TW0004572003,TWSE,2019-09-10
4576,大銀微系統,TW0004576004,TWSE,2019-09-04
4581,光隆精密-KY,KYG977291007,TWSE,2020-03-09
4583,台灣精銳,TW0004583000,TWSE,2022-05-09
4588,玖鼎電力,TW0004588009,TWSE,2024-01-29
4720,德淵,TW0004720008,TWSE,2015-06-24
4722,國精化,TW0004722004,TWSE,2012-08-15
4736,泰博,TW0004736004,TWSE,2023-12-22
4737,華廣,TW0004737002,TWSE,2010-12-23
4739,康普,TW0004739008,TWSE,2017-09-08
4746,台耀,TW0004746003,TWSE,2011-03-01
4755,三福化,TW0004755004,TWSE,2013-11-27
4763,材料*-KY,KYG5138S1057,TWSE,2015-11-09
4764,雙鍵,TW0004764006,TWSE,2018-01-04
4766,南寶,TW0004766001,TWSE,2018-11-28
4770,上品,TW0004770003,TWSE,2021-12-22
4771,望隼,TW0004771001,TWSE,2024-03-18
4807,日成-KY,KYG7473R1065,TWSE,2017-06-26
4904,遠傳,TW0004904008,TWSE,2005-08-24
4906,正文,TW0004906003,TWSE,2003-06-30
4912,聯德控股-KY,KYG545091079,TWSE,2015-05-21
4915,致伸,TW0004915004,TWSE,2012-10-05
4916,事欣科,TW0004916002,TWSE,2013-11-21
4919,新唐,TW0004919006,TWSE,2010-09-27
4927,泰鼎-KY,KYG0407M1033,TWSE,2015-09-08
4930,燦星網,TW0004930003,TWSE,2010-06-21
4934,太極,TW0004934005,TWSE,2010-03-10
4935,茂林-KY,KYG3931M1024,TWSE,2011-07-28
4938,和碩,TW0004938006,TWSE,2010-06-24
4942,嘉彰,TW0004942008,TWSE,2011-06-27
4943,康控-KY,KYG2346M1033,TWSE,2016-11-11
4949,有成精密,TW0004949003,TWSE,2024-05-09
4952,凌通,TW0004952007,TWSE,2011-11-01
4956,光鋐,TW0004956008,TWSE,2011-10-24
4958,臻鼎-KY,KYG989221000,TWSE,2011-12-26
4960,誠美材,TW0004960000,TWSE,2011-10-24
4961,天鈺,TW0004961008,TWSE,2018-10-17
4967,十銓,TW0004967005,TWSE,2019-01-14
4968,立積,TW0004968003,TWSE,2015-11-13
4976,佳凌,TW0004976006,TWSE,2012-11-20
4977,眾達-KY,KYG6956N1034,TWSE,2013-11-20
4989,榮科,TW0004989009,TWSE,2018-06-28
4994,傳奇,TW0004994009,TWSE,2013-12-25
4999,鑫禾,TW0004999008,TWSE,2013-06-03
5007,三星,TW0005007009,TWSE,2011-09-16
5203,訊連,TW0005203004,TWSE,2004-09-27
5215,科嘉-KY,KYG530791022,TWSE,2011-12-26
5222,全訊,TW0005222004,TWSE,2021-10-25
5225,東科-KY,KYG291021031,TWSE,2012-11-05
5234,達興材料,TW0005234009,TWSE,2012-07-16
5243,乙盛-KY,KYG312361051,TWSE,2013-11-25
5244,弘凱,TW0005244008,TWSE,2022-01-19
5258,虹堡,TW0005258008,TWSE,2016-12-30
5269,祥碩,TW0005269005,TWSE,2012-12-12
5283,禾聯碩,TW0005283006,TWSE,2019-05-24
5284,jpp-KY,KYG521131006,TWSE,2017-03-09
5285,界霖,TW0005285001,TWSE,2014-02-25
5288,豐祥-KY,KYG314551014,TWSE,2014-09-25
5292,華懋,TW0005292007,TWSE,2020-01-07
5306,桂盟,TW0005306005,TWSE,2022-03-08
5388,中磊,TW0005388003,TWSE,2007-12-03
5434,崇越,TW0005434005,TWSE,2003-08-25
5469,瀚宇博,TW0005469001,TWSE,2003-08-25
5471,松翰,TW0005471007,TWSE,2003-08-25
5484,慧友,TW0005484000,TWSE,2003-08-25
5515,建國,TW0005515001,TWSE,2003-10-06
5519,隆大,TW0005519003,TWSE,2014-02-10
5521,工信,TW0005521009,TWSE,2012-12-18
5522,遠雄,TW0005522007,TWSE,2007-08-06
5525,順天,TW0005525000,TWSE,2004-11-26
5531,鄉林,TW0005531008,TWSE,2005-01-31
5533,皇鼎,TW0005533004,TWSE,2008-04-30
5534,長虹,TW0005534002,TWSE,2004-05-24
5538,東明-KY,KYG8919A1031,TWSE,2013-12-16
5546,永固-KY,KYG566541093,TWSE,2020-05-20
5607,遠雄港,TW0005607006,TWSE,2004-12-02
5608,四維航,TW0005608004,TWSE,2003-08-25
5706,鳳凰,TW0005706006,TWSE,2011-10-21
5871,中租-KY,KYG202881093,TWSE,2011-12-13
5876,上海商銀,TW0005876007,TWSE,2018-10-19
5880,合庫金,TW0005880009,TWSE,2011-12-01
5906,台南-KY,KYG8661M1078,TWSE,2011-10-24
5907,大洋-KY,KYG4064G1029,TWSE,2012-06-06
6005,群益證,TW0006005002,TWSE,2005-11-21
6024,群益期,TW0006024003,TWSE,2017-10-16
6108,競國,TW0006108004,TWSE,2008-12-30
6112,邁達特,TW0006112006,TWSE,2003-08-04
6115,鎰勝,TW0006115009,TWSE,2004-07-19
6116,彩晶,TW0006116007,TWSE,2004-09-06
6117,迎廣,TW0006117005,TWSE,2003-08-25
6120,達運,TW0006120009,TWSE,2006-09-13
6128,上福,TW0006128002,TWSE,2003-06-16
6133,金橋,TW0006133002,TWSE,2003-08-15
6136,富爾特,TW0006136005,TWSE,2003-08-25
6139,亞翔,TW0006139009,TWSE,2003-08-25
6141,柏承,TW0006141005,TWSE,2003-10-22
6142,友勁,TW0006142003,TWSE,2003-08-04
6152,百一,TW0006152002,TWSE,2009-12-08
6153,嘉聯益,TW0006153000,TWSE,2008-01-21
6155,鈞寶,TW0006155005,TWSE,2006-08-18
6164,華興,TW0006164007,TWSE,2008-10-21
6165,浪凡,TW0006165004,TWSE,2003-08-04
6166,凌華,TW0006166002,TWSE,2004-11-08
6168,宏齊,TW0006168008,TWSE,2003-08-25
6176,瑞儀,TW0006176001,TWSE,2007-05-15
6177,達麗,TW0006177009,TWSE,2013-08-01
6183,關貿,TW0006183007,TWSE,2011-12-01
6184,大豐電,TW0006184005,TWSE,2005-02-15
6189,豐藝,TW0006189004,TWSE,2004-05-24
6191,精成科,TW0006191000,TWSE,2007-10-19
6192,巨路,TW0006192008,TWSE,2004-09-27
6196,帆宣,TW0006196009,TWSE,2004-05-24
6197,佳必琪,TW0006197007,TWSE,2004-11-08
6201,亞弘電,TW0006201007,TWSE,2004-09-27
6202,盛群,TW0006202005,TWSE,2004-09-27
6205,詮欣,TW0006205008,TWSE,2008-01-21
6206,飛捷,TW0006206006,TWSE,2004-08-03
6209,今國光,TW0006209000,TWSE,2004-11-08
6213,聯茂,TW0006213002,TWSE,2008-01-21
6214,精誠,TW0006214000,TWSE,2010-12-30
6215,和椿,TW0006215007,TWSE,2007-12-31
6216,居易,TW0006216005,TWSE,2004-09-27
6224,聚鼎,TW0006224009,TWSE,2009-09-17
6225,天瀚,TW0006225006,TWSE,2004-09-27
6226,光鼎,TW0006226004,TWSE,2008-11-10
6230,尼得科超眾,TW0006230006,TWSE,2010-09-16
6235,華孚,TW0006235005,TWSE,2004-08-23
6239,力成,TW0006239007,TWSE,2004-11-08
6243,迅杰,TW0006243009,TWSE,2009-12-17
6257,矽格,TW0006257009,TWSE,2003-08-25
6269,台郡,TW0006269004,TWSE,2003-09-23
6271,同欣電,TW0006271000,TWSE,2007-11-16
6277,宏正,TW0006277007,TWSE,2003-10-30
6278,台表科,TW0006278005,TWSE,2010-08-24
6281,全國電,TW0006281009,TWSE,2005-12-08
6282,康舒,TW0006282007,TWSE,2003-09-08
6283,淳安,TW0006283005,TWSE,2008-01-21
6285,啟碁,TW0006285000,TWSE,2003-09-22
6405,悅城,TW0006405004,TWSE,2013-11-28
6409,旭隼,TW0006409006,TWSE,2014-03-31
6412,群電,TW0006412000,TWSE,2013-11-08
6414,樺漢,TW0006414006,TWSE,2014-03-28
6415,矽力*-KY,KYG8190F1028,TWSE,2013-12-12
6416,瑞祺電通,TW0006416001,TWSE,2018-04-16
6426,統新,TW0006426000,TWSE,2021-03-24
6431,光麗-KY,KYG532651075,TWSE,2014-12-04
6438,迅得,TW0006438005,TWSE,2021-01-19
6442,光聖,TW0006442007,TWSE,2015-07-14
6443,元晶,TW0006443005,TWSE,2015-10-01
6446,藥華藥,TW0006446008,TWSE,2024-01-25
6449,鈺邦,TW0006449002,TWSE,2014-12-09
6451,訊芯-KY,KYG811801045,TWSE,2015-01-26
6456,GIS-KY,KYG3808R1011,TWSE,2015-06-12
6464,台數科,TW0006464001,TWSE,2015-12-16
6472,保瑞,TW0006472004,TWSE,2023-12-19
6477,安集,TW0006477003,TWSE,2016-06-21
6491,晶碩,TW0006491004,TWSE,2019-10-07
6504,南六,TW0006504004,TWSE,2013-05-07
6505,台塑化,TW0006505001,TWSE,2003-12-26
6515,穎崴,TW0006515000,TWSE,2021-01-20
6525,捷敏-KY,KYG3790U1040,TWSE,2016-04-12
6526,達發,TW0006526007,TWSE,2023-10-19
6531,愛普*,TW0006531007,TWSE,2016-05-31
6533,晶心科,TW0006533003,TWSE,2017-03-14
6541,泰福-KY,KYG8676P1037,TWSE,2017-10-26
6550,北極星藥業-KY,KYG7171A1085,TWSE,2022-06-06
6552,易華電,TW0006552003,TWSE,2017-01-10
6558,興能高,TW0006558000,TWSE,2018-12-05
6573,虹揚-KY,KYG4712A1013,TWSE,2017-09-26
6579,研揚,TW0006579006,TWSE,2017-08-21
6581,鋼聯,TW0006581002,TWSE,2018-01-30
6582,申豐,TW0006582000,TWSE,2017-06-14
6585,鼎基,TW0006585003,TWSE,2022-05-20
6589,台康生技,TW0006589005,TWSE,2025-07-21
6591,動力-KY,KYG8587R1074,TWSE,2017-12-28
6592,和潤企業,TW0006592009,TWSE,2019-12-09
6598,ABC-KY,KYG0488D1051,TWSE,2020-06-09
6605,帝寶,TW0006605009,TWSE,2004-03-17
6606,建德工業,TW0006606007,TWSE,2023-03-24
6625,必應,TW0006625007,TWSE,2018-02-07
6641,基士德-KY,KYG416551045,TWSE,2018-09-21
6655,科定,TW0006655004,TWSE,2018-11-28
6657,華安,TW0006657000,TWSE,2023-06-12
6658,聯策,TW0006658008,TWSE,2023-11-02
6666,羅麗芬-KY,KYG569831020,TWSE,2018-11-19
6668,中揚光,TW0006668007,TWSE,2018-12-12
6669,緯穎,TW0006669005,TWSE,2019-03-27
6670,復盛應用,TW0006670003,TWSE,2018-12-18
6671,三能-KY,KYG7806W1033,TWSE,2018-12-11
6672,騰輝電子-KY,KYG9353A1040,TWSE,2019-04-17
6674,鋐寶科技,TW0006674005,TWSE,2018-11-28
6689,伊雲谷,TW0006689003,TWSE,2022-09-13
6691,洋基工程,TW0006691009,TWSE,2022-01-03
6695,芯鼎,TW0006695000,TWSE,2022-11-04
6698,旭暉應材,TW0006698004,TWSE,2019-11-25
6706,惠特,TW0006706005,TWSE,2019-12-19
6715,嘉基,TW0006715006,TWSE,2019-12-12
6719,力智,TW0006719008,TWSE,2022-01-13
6742,澤米,TW0006742000,TWSE,2023-12-05
6743,安普新,TW0006743008,TWSE,2020-12-14
6753,龍德造船,TW0006753007,TWSE,2023-03-10
6754,匯僑設計,TW0006754005,TWSE,2020-08-25
6756,威鋒電子,TW0006756000,TWSE,2020-12-24
6757,台灣虎航,TW0006757008,TWSE,2024-11-29
6768,志強-KY,KYG8368S1003,TWSE,2021-04-22
6770,力積電,TW0006770001,TWSE,2021-12-06
6776,展碁國際,TW0006776008,TWSE,2021-03-31
6781,AES-KY,KYG0097V1086,TWSE,2021-03-22
6782,視陽,TW0006782006,TWSE,2022-11-28
6789,采鈺,TW0006789001,TWSE,2022-06-30
6790,永豐實,TW0006790009,TWSE,2021-09-29
6792,詠業,TW0006792005,TWSE,2021-12-08
6796,晉弘,TW0006796006,TWSE,2022-06-01
6799,來頡,TW0006799000,TWSE,2022-05-12
6805,富世達,TW0006805005,TWSE,2023-11-09
6806,森崴能源,TW0006806003,TWSE,2021-11-15
6807,峰源-KY,KYG3425A1013,TWSE,2022-04-25
6830,汎銓,TW0006830003,TWSE,2022-08-31
6834,天二科技,TW0006834005,TWSE,2022-09-01
6835,圓裕,TW0006835002,TWSE,2022-11-10
6838,台新藥,TW0006838006,TWSE,2024-08-13
6861,睿生光電,TW0006861008,TWSE,2023-03-27
6862,三集瑞-KY,KYG9066C1087,TWSE,2024-10-23
6863,永道-KY,KYG0478A1031,TWSE,2023-03-21
6869,雲豹能源,TW0006869001,TWSE,2024-06-19
6873,泓德能源,TW0006873003,TWSE,2024-09-26
6885,全福生技,TW0006885007,TWSE,2024-12-16
6887,寶綠特-KY,KYG1462B1077,TWSE,2025-03-10
6890,來億-KY,KYG5353T1013,TWSE,2024-06-12
6901,鑽石投資,TW0006901002,TWSE,2023-09-19
6902,GOGOLOOK,TW0006902000,TWSE,2025-05-16
6906,現觀科,TW0006906001,TWSE,2024-01-15
6909,創控,TW0006909005,TWSE,2025-05-21
6914,阜爾運通,TW0006914005,TWSE,2024-05-03
6916,華凌,TW0006916000,TWSE,2023-12-05
6918,愛派司,TW0006918006,TWSE,2025-06-10
6919,康霈*,TW0006919004,TWSE,2024-10-02
6923,中台,TW0006923006,TWSE,2024-09-25
6928,攸泰科技,TW0006928005,TWSE,2024-05-16
6931,青松健康,TW0006931009,TWSE,2025-01-15
6933,AMAX-KY,KYG0249M1050,TWSE,2023-11-08
6936,永鴻生技,TW0006936008,TWSE,2025-04-28
6937,天虹,TW0006937006,TWSE,2023-12-12
6944,兆聯實業,TW0006944002,TWSE,2025-05-28
6952,大武山,TW0006952005,TWSE,2024-06-13
6957,裕慶-KY,KYG4631S1003,TWSE,2024-06-25
6958,日盛台駿,TW0006958002,TWSE,2024-08-20
6962,奕力-KY,KYG4977T1004,TWSE,2024-11-26
6965,中傑-KY,KYG2124U1031,TWSE,2025-03-07
6994,富威電力,TW0006994007,TWSE,2025-01-15
7705,三商餐飲,TW0007705006,TWSE,2024-11-26
7721,微程式,TW0007721003,TWSE,2025-07-29
7722,LINEPAY,TW0007722001,TWSE,2024-12-05
7732,金興精密,TW0007732000,TWSE,2025-01-14
7736,虎山,TW0007736001,TWSE,2025-03-18
7749,意騰-KY,KYG4R4EN1020,TWSE,2025-06-13
7765,中華資安,TW0007765000,TWSE,2025-09-08
8011,台通,TW0008011008,TWSE,2011-09-19
8016,矽創,TW0008016007,TWSE,2003-12-25
8021,尖點,TW0008021007,TWSE,2008-01-21
8028,昇陽半導體,TW0008028002,TWSE,2018-07-10
8033,雷虎,TW0008033002,TWSE,2007-06-21
8039,台虹,TW0008039009,TWSE,2009-12-17
8045,達運光電,TW0008045006,TWSE,2024-12-11
8046,南電,TW0008046004,TWSE,2006-04-07
8070,長華*,TW0008070004,TWSE,2007-12-31
8072,陞泰,TW0008072000,TWSE,2005-08-19
8081,致新,TW0008081001,TWSE,2008-12-30
8101,華冠,TW0008101007,TWSE,2004-07-01
8103,瀚荃,TW0008103003,TWSE,2009-09-29
8104,錸寶,TW0008104001,TWSE,2019-01-17
8105,凌巨,TW0008105008,TWSE,2006-12-27
8110,華東,TW0008110008,TWSE,2007-10-31
8112,至上,TW0008112004,TWSE,2007-12-31
8114,振樺電,TW0008114000,TWSE,2012-11-26
8131,福懋科,TW0008131004,TWSE,2007-11-29
8150,南茂,TW0008150004,TWSE,2014-04-11
8163,達方,TW0008163007,TWSE,2007-11-28
8201,無敵,TW0008201005,TWSE,2007-10-29
8210,勤誠,TW0008210006,TWSE,2011-12-01
8213,志超,TW0008213000,TWSE,2009-12-25
8215,明基材,TW0008215005,TWSE,2010-11-12
8222,寶一,TW0008222001,TWSE,2015-01-27
8249,菱光,TW0008249004,TWSE,2005-05-17
8261,富鼎,TW0008261009,TWSE,2009-12-11
8271,宇瞻,TW0008271008,TWSE,2010-12-29
8341,日友,TW0008341009,TWSE,2015-03-23
8367,建新國際,TW0008367004,TWSE,2018-09-12
8374,羅昇,TW0008374000,TWSE,2008-12-25
8404,百和興業-KY,KYG684631016,TWSE,2011-05-18
8411,福貞-KY,KYG525911072,TWSE,2011-11-01
8422,可寧衛,TW0008422007,TWSE,2011-10-05
8429,金麗-KY,KYG513871015,TWSE,2012-12-20
8438,昶昕,TW0008438003,TWSE,2022-03-11
8442,威宏-KY,KYG981151015,TWSE,2016-11-08
8443,阿瘦,TW0008443003,TWSE,2014-09-15
8454,富邦媒,TW0008454000,TWSE,2014-12-19
8462,柏文,TW0008462003,TWSE,2019-03-15
8463,潤泰材,TW0008463001,TWSE,2015-07-13
8464,億豐,TW0008464009,TWSE,2015-12-22
8466,美吉吉-KY,KYG332481087,TWSE,2016-11-01
8467,波力-KY,KYG144971044,TWSE,2015-12-15
8473,山林水,TW0008473000,TWSE,2016-09-08
8476,台境*,TW0008476003,TWSE,2023-10-31
8478,東哥遊艇,TW0008478009,TWSE,2017-12-11
8481,政伸,TW0008481003,TWSE,2017-02-24
8482,商億-KY,KYG806341015,TWSE,2018-08-15
8488,吉源-KY,KYG5140K1085,TWSE,2016-12-13
8499,鼎炫-KY,KYG8923R1002,TWSE,2017-11-24
8926,台汽電,TW0008926007,TWSE,2003-08-25
8940,新天地,TW0008940008,TWSE,2009-05-15
8996,高力,TW0008996000,TWSE,2014-02-14
9802,鈺齊-KY,KYG368891068,TWSE,2012-10-18
9902,台火,TW0009902007,TWSE,1964-07-14
9904,寶成,TW0009904003,TWSE,1990-01-19
9905,大華,TW0009905000,TWSE,1990-08-08
9906,欣巴巴,TW0009906008,TWSE,1990-12-15
9907,統一實,TW0009907006,TWSE,1991-01-29
9908,大台北,TW0009908004,TWSE,1991-02-06
9910,豐泰,TW0009910000,TWSE,1992-02-18
9911,櫻花,TW0009911008,TWSE,1992-07-16
9912,偉聯,TW0009912006,TWSE,1992-08-08
9914,美利達,TW0009914002,TWSE,1992-09-30
9917,中保科,TW0009917005,TWSE,1993-12-08
9918,欣天然,TW0009918003,TWSE,1994-04-26
9919,康那香,TW0009919001,TWSE,1994-11-04
9921,巨大,TW0009921007,TWSE,1994-12-29
9924,福興,TW0009924001,TWSE,1995-03-15
9925,新保,TW0009925008,TWSE,1995-12-09
9926,新海,TW0009926006,TWSE,1998-04-08
9927,泰銘,TW0009927004,TWSE,1999-03-12
9928,中視,TW0009928002,TWSE,1999-08-09
9929,秋雨,TW0009929000,TWSE,1999-06-28
9930,中聯資源,TW0009930008,TWSE,1999-11-22
9931,欣高,TW0009931006,TWSE,2000-03-21
9933,中鼎,TW0009933002,TWSE,1993-05-28
9934,成霖,TW0009934000,TWSE,2000-09-11
9935,慶豐富,TW0009935007,TWSE,2000-09-11
9937,全國,TW0009937003,TWSE,2000-09-11
9938,百和,TW0009938001,TWSE,2001-01-12
9939,宏全,TW0009939009,TWSE,2001-03-02
9940,信義,TW0009940007,TWSE,2001-09-17
9941,裕融,TW0009941005,TWSE,2001-09-17
9942,茂順,TW0009942003,TWSE,2002-01-28
9943,好樂迪,TW0009943001,TWSE,2002-08-26
9944,新麗,TW0009944009,TWSE,2002-08-26
9945,潤泰新,TW0009945006,TWSE,1992-04-30
9946,三發地產,TW0009946004,TWSE,2013-09-17
9955,佳龍,TW0009955005,TWSE,2008-01-21
9958,世紀鋼,TW0009958009,TWSE,2008-03-12
2254,巨鎧精密-創,TW0002254000,TWSE,2023-10-20
2258,鴻華先進-創,TW0002258001,TWSE,2023-11-20
2432,倚天酷碁-創,TW0002432002,TWSE,2023-05-31
3150,鈺寶-創,TW0003150009,TWSE,2024-06-27
6423,億而得-創,TW0006423007,TWSE,2024-05-15
6534,正瀚-創,TW0006534001,TWSE,2023-12-21
6645,金萬林-創,TW0006645005,TWSE,2023-12-21
6771,平和環保-創,TW0006771009,TWSE,2024-05-17
6794,向榮生技-創,TW0006794001,TWSE,2024-05-21
6854,錼創科技-KY創,KYG7148D1025,TWSE,2022-08-18
6924,榮惠-KY創,KYG2954S1030,TWSE,2024-12-03
6949,沛爾生醫-創,TW0006949001,TWSE,2024-03-08
6951,青新-創,TW0006951007,TWSE,2024-06-18
6955,邦睿生技-創,TW0006955008,TWSE,2024-12-06
6969,成信實業*-創,TW0006969009,TWSE,2024-09-09
6988,威力暘-創,TW0006988009,TWSE,2024-10-23
7631,聚賢研發-創,TW0007631B19,TWSE,2025-03-13
7740,熙特爾-創,TW0007740003,TWSE,2025-06-16
8162,微矽電子-創,TW0008162009,TWSE,2024-03-07
8487,愛爾達-創,TW0008487000,TWSE,2024-03-26
9103,美德醫療-DR,TW0009103002,TWSE,2002-12-13
9105,泰金寶-DR,TW0009105007,TWSE,2003-09-22
9108,61　神州-DR,TW0009108613,TWSE,2010-11-24
9110,越南控-DR,TW0009110007,TWSE,2009-12-03
9116,08　明輝-DR,TW0009116087,TWSE,2010-10-20
9118,68　同方友友-DR,TW0009118687,TWSE,2009-12-22
9120,00　晨訊科-DR,TW0009120006,TWSE,2011-04-25
9136,巨騰-DR,TW0009136002,TWSE,2009-05-25
7070,6U　神盾群益49售01,TW24Z70706U4,TPEx,2024-09-25
7091,8U　瀧澤科群益49售02,TW24Z70918U5,TPEx,2024-11-18
7097,4U　精測群益4A售01,TW24Z70974U8,TPEx,2024-12-03
7103,1U　信驊群益4C售01,TW24Z71031U6,TPEx,2024-12-18
7104,8U　湧德國票49售01,TW24Z71048U0,TPEx,2024-12-24
7107,1U　信驊群益4B售01,TW25Z71071U1,TPEx,2025-01-02
7108,3U　系微凱基49售01,TW25Z71083U6,TPEx,2025-01-07
7109,6U　加百裕國票4A售01,TW25Z71096U8,TPEx,2025-01-15
7111,5U　新復興元富4A售02,TW25Z71115U6,TPEx,2025-01-16
7112,8U　華星光永豐49售01,TW25Z71128U9,TPEx,2025-01-17
7113,0U　台特化永豐49售01,TW25Z71130U5,TPEx,2025-01-20
7115,4U　雙鴻元大4A售01,TW25Z71154U5,TPEx,2025-02-04
7116,3U　信驊群益4C售02,TW25Z71163U6,TPEx,2025-02-04
7117,4U　雙鴻凱基4A售02,TW25Z71174U3,TPEx,2025-02-06
7118,3U　新復興元大4B售01,TW25Z71183U4,TPEx,2025-02-10
7119,1U　竹陞國票49售01,TW25Z71191U7,TPEx,2025-02-11
7120,0U　廣運永豐49售01,TW25Z71200U6,TPEx,2025-02-13
7121,1U　艾訊凱基49售01,TW25Z71211U3,TPEx,2025-02-17
7122,0U　綠界*國票49售05,TW25Z71220U4,TPEx,2025-02-17
7123,3U　M31國票49售01,TW25Z71233U7,TPEx,2025-02-19
7124,0U　艾訊國票49售02,TW25Z71240U2,TPEx,2025-02-20
7125,0U　昇達科永豐49售03,TW25Z71250U1,TPEx,2025-02-25
7126,0U　雍智國票49售06,TW25Z71260U0,TPEx,2025-02-27
7127,0U　波若威永豐4C售02,TW25Z71270U9,TPEx,2025-03-05
7128,0U　雙鴻群益4A售03,TW25Z71280U8,TPEx,2025-03-06
7129,0U　順達元大49售03,TW25Z71290U7,TPEx,2025-03-10
7130,0U　順達元富49售06,TW25Z71300U4,TPEx,2025-03-12
7131,0U　元太國票4A售03,TW25Z71310U3,TPEx,2025-03-14
7132,0U　力旺國票4A售02,TW25Z71320U2,TPEx,2025-03-18
7133,0U　晶呈凱基49售01,TW25Z71330U1,TPEx,2025-03-19
7134,0U　茂綸元大49售04,TW25Z71340U0,TPEx,2025-03-20
7135,0U　台燿元大49售05,TW25Z71350U9,TPEx,2025-03-25
7136,0U　旺矽元大49售07,TW25Z71360U8,TPEx,2025-03-26
7137,0U　群聯國票4A售07,TW25Z71370U7,TPEx,2025-03-28
7138,0U　神盾國票4B售01,TW25Z71380U6,TPEx,2025-04-02
7139,0U　M31國票4B售02,TW25Z71390U5,TPEx,2025-04-08
7140,0U　信驊元富4A售08,TW25Z71400U2,TPEx,2025-04-11
7141,0U　良維國票4B售02,TW25Z71410U1,TPEx,2025-04-17
7142,0U　鈊象元富4A售03,TW25Z71420U0,TPEx,2025-04-22
7143,0U　元太國票4B售02,TW25Z71430U9,TPEx,2025-04-25
7144,0U　新盛力凱基4C售01,TW25Z71440U8,TPEx,2025-04-28
7145,0U　威剛國票4C售01,TW25Z71450U7,TPEx,2025-04-30
7146,0U　力旺凱基51售01,TW25Z71460U6,TPEx,2025-05-02
7147,0U　僑威國票4C售01,TW25Z71470U5,TPEx,2025-05-05
7148,0U　華星光群益51售02,TW25Z71480U4,TPEx,2025-05-06
7149,0U　新復興群益51售01,TW25Z71490U3,TPEx,2025-05-09
7150,0U　宜鼎國票4C售01,TW25Z71500U9,TPEx,2025-05-12
7151,0U　精測國票4C售02,TW25Z71510U8,TPEx,2025-05-12
7152,0U　威剛國票4C售03,TW25Z71520U7,TPEx,2025-05-13
7153,0U　威剛元大4B售01,TW25Z71530U6,TPEx,2025-05-14
7154,06　漢科統一49購01,TW24Z7154063,TPEx,2024-03-07
7155,0U　雙鴻國票4C售03,TW25Z71550U4,TPEx,2025-05-16
7156,0U　雍智國票4C售01,TW25Z71560U3,TPEx,2025-05-19
7157,0U　富喬國票4C售03,TW25Z71570U2,TPEx,2025-05-20
7158,0U　高端國票4C售01,TW25Z71580U1,TPEx,2025-05-22
7159,0U　順達凱基4B售02,TW25Z71590U0,TPEx,2025-05-22
7160,0U　順達元富4B售03,TW25Z71600U7,TPEx,2025-05-26
7161,0U　山富國票4C售06,TW25Z71610U6,TPEx,2025-05-27
7162,0U　華星光凱基4B售02,TW25Z71620U5,TPEx,2025-05-28
7163,0U　新復興凱基51售02,TW25Z71630U4,TPEx,2025-05-29
7164,2U　信驊元大4B售11,TW25Z71642U9,TPEx,2025-05-29
7165,0U　富喬國票4C售04,TW25Z71650U2,TPEx,2025-06-03
7166,0U　高鋒國票51售01,TW25Z71660U1,TPEx,2025-06-04
7167,0U　信驊永豐51售03,TW25Z71670U0,TPEx,2025-06-04
7168,0U　其陽國票4C售02,TW25Z71680U9,TPEx,2025-06-06
7169,00　兆利統一4A購07,TW24Z7169004,TPEx,2024-04-03
7170,05　類比科統一4A購01,TW24Z7170051,TPEx,2024-04-08
7171,0U　高端國票51售02,TW25Z71710U4,TPEx,2025-06-11
7172,0U　欣銓凱基4C售04,TW25Z71720U3,TPEx,2025-06-12
7173,0U　信驊群益4C售04,TW25Z71730U2,TPEx,2025-06-13
7174,08　協易機統一54購01,TW24Z7174087,TPEx,2024-04-16
7175,0U　新盛力元大4C售03,TW25Z71750U0,TPEx,2025-06-17
7176,0U　均豪凱基4C售01,TW25Z71760U9,TPEx,2025-06-18
7177,0U　弘塑國票51售05,TW25Z71770U8,TPEx,2025-06-19
7178,0U　台燿元大4C售10,TW25Z71780U7,TPEx,2025-06-20
7179,0U　創惟國票51售03,TW25Z71790U6,TPEx,2025-06-23
7180,0U　台燿元大4C售14,TW25Z71800U3,TPEx,2025-06-24
7181,0U　雙鴻群益4C售04,TW25Z71810U2,TPEx,2025-06-25
7182,0U　智通*國票51售03,TW25Z71820U1,TPEx,2025-06-26
7183,0U　欣銓元富4C售03,TW25Z71830U0,TPEx,2025-06-27
7184,0U　原相群益53售01,TW25Z71840U9,TPEx,2025-06-30
7185,0U　世禾國票52售01,TW25Z71850U8,TPEx,2025-07-01
7186,0U　順達國票52售02,TW25Z71860U7,TPEx,2025-07-02
7187,0U　華星光群益51售04,TW25Z71870U6,TPEx,2025-07-03
7188,0U　信驊元大51售04,TW25Z71880U5,TPEx,2025-07-04
7189,0U　富喬國票51售03,TW25Z71890U4,TPEx,2025-07-07
7190,0U　台燿凱基51售05,TW25Z71900U1,TPEx,2025-07-09
7191,0U　順達凱基51售02,TW25Z71910U0,TPEx,2025-07-10
7192,0U　信驊凱基51售11,TW25Z71920U9,TPEx,2025-07-11
7193,0U　彩富國票52售02,TW25Z71930U8,TPEx,2025-07-14
7194,0U　台燿永豐51售07,TW25Z71940U7,TPEx,2025-07-15
7195,0U　旺矽元富51售09,TW25Z71950U6,TPEx,2025-07-16
7196,0U　穩懋國泰53售01,TW25Z71960U5,TPEx,2025-07-17
7197,06　力致統一4C購01,TW24Z7197062,TPEx,2024-06-05
7198,0U　信驊元大51售13,TW25Z71980U3,TPEx,2025-07-21
7199,0U　富喬國票52售05,TW25Z71990U2,TPEx,2025-07-22
7200,0U　環球晶元大51售07,TW25Z72000U9,TPEx,2025-07-23
7201,0U　信驊群益51售04,TW25Z72010U8,TPEx,2025-07-24
7202,0U　萬潤凱基51售03,TW25Z72020U7,TPEx,2025-07-28
7203,0U　華星光元富51售04,TW25Z72030U6,TPEx,2025-07-29
7204,0U　廣運凱基51售03,TW25Z72040U5,TPEx,2025-07-30
7205,0U　金居群益54售03,TW25Z72050U4,TPEx,2025-07-31
7206,0U　富喬元大52售02,TW25Z72060U3,TPEx,2025-08-04
7207,0U　台燿統一52售02,TW25Z72070U2,TPEx,2025-08-06
7208,0U　弘塑凱基52售04,TW25Z72080U1,TPEx,2025-08-08
7209,0U　富喬永豐53售04,TW25Z72090U0,TPEx,2025-08-11
7210,08　廣運元富4B購01,TW24Z7210089,TPEx,2024-07-03
7211,0U　波若威國票53售01,TW25Z72110U6,TPEx,2025-08-14
7212,0U　台燿永豐53售03,TW25Z72120U5,TPEx,2025-08-18
7213,0U　順達永豐52售03,TW25Z72130U4,TPEx,2025-08-20
7214,0U　弘塑國泰53售02,TW25Z72140U3,TPEx,2025-08-22
7215,0U　閎康國票53售02,TW25Z72150U2,TPEx,2025-08-25
7216,0U　順達元富52售03,TW25Z72160U1,TPEx,2025-08-27
7217,03　鈦昇統一49購01,TW24Z7217035,TPEx,2024-07-15
7218,0U　新應材群益53售03,TW25Z72180U9,TPEx,2025-08-29
7219,0U　倚強國票54售01,TW25Z72190U8,TPEx,2025-09-02
7220,02　神盾統一49購01,TW24Z7220021,TPEx,2024-07-19
7221,0U　順達國泰54售01,TW25Z72210U4,TPEx,2025-09-05
7222,00　先進光統一49購01,TW24Z7222001,TPEx,2024-07-26
7223,0U　中光電群益53售08,TW25Z72230U2,TPEx,2025-09-10
7224,28　雷科統一56購01,TW24Z7224288,TPEx,2024-07-31
7225,17　永信建統一52購01,TW24Z7225178,TPEx,2024-08-01
7226,75　先進光統一58購01,TW24Z7226754,TPEx,2024-08-05
7227,20　智崴統一52購01,TW24Z7227208,TPEx,2024-08-06
7228,64　宏捷科統一4C購01,TW24Z7228644,TPEx,2024-08-07
7229,12　雙鴻統一4C購02,TW24Z7229121,TPEx,2024-08-09
7230,07　元太統一4C購01,TW24Z7230079,TPEx,2024-08-14
7231,29　千附精統一4C購01,TW24Z7231291,TPEx,2024-08-19
7232,47　鈦昇統一52購01,TW24Z7232471,TPEx,2024-08-21
7233,68　鈊象元富52購05,TW24Z7233685,TPEx,2024-08-23
7234,07　巨有統一52購01,TW24Z7234071,TPEx,2024-08-26
7235,05　山富統一4C購01,TW24Z7235052,TPEx,2024-08-28
7236,04　東捷統一53購01,TW24Z7236043,TPEx,2024-08-29
7237,79　宏捷科元富59購01,TW24Z7237793,TPEx,2024-09-03
7238,36　先進光元富4C購01,TW24Z7238361,TPEx,2024-09-04
7240,03　大綜統一53購01,TW24Z7240037,TPEx,2024-09-06
7241,04　擎亞元富49購01,TW24Z7241043,TPEx,2024-09-11
7242,00　亞泰統一53購01,TW24Z7242009,TPEx,2024-09-12
7243,20　台燿凱基49購01,TW24Z7243205,TPEx,2024-09-16
7244,10　創惟國票49購01,TW24Z7244104,TPEx,2024-09-19
7245,42　桓達統一51購01,TW24Z7245424,TPEx,2024-09-23
7246,02　晶呈群益49購01,TW24Z7246026,TPEx,2024-09-24
7247,32　亞泰元富49購01,TW24Z7247321,TPEx,2024-09-26
7248,26　神盾統一4C購04,TW24Z7248261,TPEx,2024-09-30
7249,09　正基元富49購01,TW24Z7249095,TPEx,2024-10-01
7250,23　原相元大4A購01,TW24Z7250234,TPEx,2024-10-04
7251,06　正基元大4A購01,TW24Z7251067,TPEx,2024-10-08
7252,03　原相元大49購01,TW24Z7252032,TPEx,2024-10-09
7253,08　胡連元富4A購01,TW24Z7253089,TPEx,2024-10-14
7254,10　凡甲統一4A購01,TW24Z7254103,TPEx,2024-10-16
7255,17　鈊象元大4A購01,TW24Z7255175,TPEx,2024-10-18
7256,10　原相凱基4A購01,TW24Z7256108,TPEx,2024-10-21
7257,08　宏碩統一4C購01,TW24Z7257080,TPEx,2024-10-23
7258,02　世禾統一4A購01,TW24Z7258021,TPEx,2024-10-25
7259,05　昇達科元大49購01,TW24Z7259052,TPEx,2024-10-29
7260,05　鑫科永豐4A購01,TW24Z7260050,TPEx,2024-10-30
7261,18　百德統一4C購02,TW24Z7261181,TPEx,2024-11-01
7262,13　同致統一4B購01,TW24Z7262130,TPEx,2024-11-06
7263,17　波若威統一4C購01,TW24Z7263179,TPEx,2024-11-08
7264,04　鈊象元大4A購04,TW24Z7264045,TPEx,2024-11-12
7265,00　中美晶統一53購01,TW24Z7265000,TPEx,2024-11-13
7266,01　元太元富4B購01,TW24Z7266016,TPEx,2024-11-15
7267,19　華星光統一4B購01,TW24Z7267196,TPEx,2024-11-19
7268,08　友威科永豐4B購02,TW24Z7268087,TPEx,2024-11-21
7269,02　雙鴻元大49購01,TW24Z7269028,TPEx,2024-11-25
7270,22　環球晶元大4A購01,TW24Z7270224,TPEx,2024-11-28
7271,12　神準群益4B購02,TW24Z7271123,TPEx,2024-12-02
7272,02　神準統一54購01,TW24Z7272022,TPEx,2024-12-05
7273,09　宏捷科群益49購01,TW24Z7273095,TPEx,2024-12-09
7274,02　兆利統一54購01,TW24Z7274028,TPEx,2024-12-11
7275,00　天品國票4A購01,TW24Z7275009,TPEx,2024-12-12
7276,02　緯軟凱基4C購01,TW24Z7276023,TPEx,2024-12-16
7277,42　信驊元富4A購02,TW24Z7277427,TPEx,2024-12-18
7278,01　旺矽永豐49購02,TW24Z7278011,TPEx,2024-12-20
7279,03　神盾群益4A購01,TW24Z7279035,TPEx,2024-12-24
7280,01　金麗科統一4C購01,TW24Z7280017,TPEx,2024-12-26
7281,01　中光電群益49購01,TW24Z7281015,TPEx,2024-12-30
7282,08　大綜中信49購02,TW24Z7282088,TPEx,2024-12-31
7283,00　神盾元大4A購01,TW25Z7283000,TPEx,2025-01-03
7284,00　長科*統一51購01,TW25Z7284008,TPEx,2025-01-06
7285,11　千附精統一54購01,TW25Z7285112,TPEx,2025-01-07
7286,01　鈦昇永豐49購01,TW25Z7286011,TPEx,2025-01-08
7287,01　宏捷科國票49購02,TW25Z7287019,TPEx,2025-01-09
7288,02　系統電中信49購01,TW25Z7288025,TPEx,2025-01-10
7289,11　湧德元大4A購01,TW25Z7289114,TPEx,2025-01-14
7290,02　廣運兆豐49購01,TW25Z7290021,TPEx,2025-01-15
7291,05　台特化元大49購01,TW25Z7291052,TPEx,2025-01-17
7292,08　M31群益49購01,TW25Z7292084,TPEx,2025-01-20
7293,05　聖暉*元大4C購02,TW25Z7293058,TPEx,2025-01-21
7294,01　伯特光群益51購01,TW25Z7294015,TPEx,2025-01-22
7295,05　信立凱基4A購01,TW25Z7295053,TPEx,2025-02-04
7296,04　原相元大4B購02,TW25Z7296044,TPEx,2025-02-06
7297,00　正基統一52購01,TW25Z7297000,TPEx,2025-02-07
7298,00　胡連統一52購03,TW25Z7298008,TPEx,2025-02-10
7299,00　弘塑群益52購01,TW25Z7299006,TPEx,2025-02-12
7300,00　鈊象元大51購01,TW25Z7300002,TPEx,2025-02-13
7301,00　鈊象元大51購02,TW25Z7301000,TPEx,2025-02-14
7302,00　宜鼎富邦49購01,TW25Z7302008,TPEx,2025-02-17
7303,00　環球晶富邦49購02,TW25Z7303006,TPEx,2025-02-18
7304,00　M31統一58購02,TW25Z7304004,TPEx,2025-02-19
7305,00　精材統一52購05,TW25Z7305001,TPEx,2025-02-20
7306,05　群聯元大51購01,TW25Z7306058,TPEx,2025-02-24
7307,05　精材元大51購03,TW25Z7307056,TPEx,2025-02-25
7308,01　伯特光國票49購01,TW25Z7308013,TPEx,2025-02-26
7309,04　群聯元大4B購05,TW25Z7309045,TPEx,2025-02-27
7310,00　正德統一53購01,TW25Z7310001,TPEx,2025-03-03
7311,00　神準富邦4A購02,TW25Z7311009,TPEx,2025-03-04
7312,10　振曜元大4C購01,TW25Z7312106,TPEx,2025-03-06
7313,00　新復興元富4B購01,TW25Z7313005,TPEx,2025-03-07
7314,00　營邦統一53購02,TW25Z7314003,TPEx,2025-03-10
7315,00　環球晶統一53購03,TW25Z7315000,TPEx,2025-03-11
7316,00　群聯永豐4C購01,TW25Z7316008,TPEx,2025-03-13
7317,00　凡甲中信49購01,TW25Z7317006,TPEx,2025-03-14
7318,00　鑫聯國票4A購01,TW25Z7318004,TPEx,2025-03-18
7319,00　新復興群益49購04,TW25Z7319002,TPEx,2025-03-19
7320,00　台燿群益49購03,TW25Z7320000,TPEx,2025-03-21
7321,00　精剛群益4A購01,TW25Z7321008,TPEx,2025-03-24
7322,00　千附精台新49購01,TW25Z7322006,TPEx,2025-03-26
7323,00　新潤元富49購01,TW25Z7323004,TPEx,2025-03-27
7324,00　茂訊元富4C購01,TW25Z7324002,TPEx,2025-03-31
7325,00　先進光群益4A購02,TW25Z7325009,TPEx,2025-04-02
7326,00　明安群益4A購01,TW25Z7326007,TPEx,2025-04-08
7327,00　信驊元富4A購06,TW25Z7327005,TPEx,2025-04-11
7328,00　印能元富4B購01,TW25Z7328003,TPEx,2025-04-17
7329,00　信驊國泰51購01,TW25Z7329001,TPEx,2025-04-22
7330,00　系統電永豐4A購02,TW25Z7330009,TPEx,2025-04-30
7331,00　僑威永豐4B購01,TW25Z7331007,TPEx,2025-05-05
7332,00　叡揚國票51購01,TW25Z7332005,TPEx,2025-05-08
7333,00　富喬國泰4C購01,TW25Z7333003,TPEx,2025-05-13
7334,00　良維永豐52購01,TW25Z7334001,TPEx,2025-05-16
7335,00　台特化群益51購04,TW25Z7335008,TPEx,2025-05-20
7336,00　營邦元大4B購01,TW25Z7336006,TPEx,2025-05-21
7337,00　創惟統一55購05,TW25Z7337004,TPEx,2025-05-23
7338,00　華星光統一5B購03,TW25Z7338002,TPEx,2025-05-27
7339,00　力旺永豐53購01,TW25Z7339000,TPEx,2025-05-29
7340,00　博智永豐51購01,TW25Z7340008,TPEx,2025-06-03
7341,00　中美晶統一56購01,TW25Z7341006,TPEx,2025-06-05
7342,00　台燿富邦51購01,TW25Z7342004,TPEx,2025-06-09
7343,00　竹陞中信51購01,TW25Z7343002,TPEx,2025-06-10
7344,00　弘塑群益51購01,TW25Z7344000,TPEx,2025-06-12
7345,00　弘塑國泰51購02,TW25Z7345007,TPEx,2025-06-13
7346,00　雍智國泰51購01,TW25Z7346005,TPEx,2025-06-16
7347,00　良維國泰51購02,TW25Z7347003,TPEx,2025-06-17
7348,00　均豪元大4C購03,TW25Z7348001,TPEx,2025-06-18
7349,00　叡揚國票52購01,TW25Z7349009,TPEx,2025-06-20
7350,00　欣銓凱基56購01,TW25Z7350007,TPEx,2025-06-23
7351,00　雍智國票51購02,TW25Z7351005,TPEx,2025-06-25
7352,00　昇佳電國票51購01,TW25Z7352003,TPEx,2025-06-27
7353,00　友華統一56購02,TW25Z7353001,TPEx,2025-06-30
7354,00　健椿群益52購01,TW25Z7354009,TPEx,2025-07-01
7355,00　新應材國泰52購03,TW25Z7355006,TPEx,2025-07-02
7356,00　雍智凱基52購01,TW25Z7356004,TPEx,2025-07-04
7357,00　原相凱基51購04,TW25Z7357002,TPEx,2025-07-07
7358,00　湧德元大51購02,TW25Z7358000,TPEx,2025-07-08
7359,00　昇達科國泰52購02,TW25Z7359008,TPEx,2025-07-09
7360,00　鈊象國泰52購02,TW25Z7360006,TPEx,2025-07-11
7361,00　弘塑凱基51購06,TW25Z7361004,TPEx,2025-07-15
7362,00　譜瑞凱基51購02,TW25Z7362002,TPEx,2025-07-16
7363,00　旺矽永豐51購03,TW25Z7363000,TPEx,2025-07-17
7364,00　昇達科凱基55購01,TW25Z7364008,TPEx,2025-07-21
7365,00　原相元大51購07,TW25Z7365005,TPEx,2025-07-22
7366,00　精測群益51購01,TW25Z7366003,TPEx,2025-07-23
7367,00　大宇資富邦51購01,TW25Z7367001,TPEx,2025-07-25
7368,00　新漢國票54購01,TW25Z7368009,TPEx,2025-07-29
7369,00　茂訊永豐51購01,TW25Z7369007,TPEx,2025-07-30
7370,00　印能元大52購01,TW25Z7370005,TPEx,2025-08-01
7371,00　晶呈凱基52購01,TW25Z7371003,TPEx,2025-08-04
7372,00　譜瑞國泰53購01,TW25Z7372001,TPEx,2025-08-06
7373,00　台燿國泰53購03,TW25Z7373009,TPEx,2025-08-08
7374,00　茂訊元大52購05,TW25Z7374007,TPEx,2025-08-11
7375,00　漢磊元富52購01,TW25Z7375004,TPEx,2025-08-12
7376,00　台燿永豐55購01,TW25Z7376002,TPEx,2025-08-14
7377,00　旺矽兆豐54購01,TW25Z7377000,TPEx,2025-08-18
7378,00　漢磊國票58購01,TW25Z7378008,TPEx,2025-08-19
7379,00　博智國泰53購02,TW25Z7379006,TPEx,2025-08-21
7380,00　台特化群益53購02,TW25Z7380004,TPEx,2025-08-22
7381,00　中光電元大54購05,TW25Z7381002,TPEx,2025-08-26
7382,00　順達元富52購01,TW25Z7382000,TPEx,2025-08-27
7383,00　系微元富53購01,TW25Z7383008,TPEx,2025-08-28
7384,00　雷科元富53購02,TW25Z7384006,TPEx,2025-09-01
7385,00　倚強元大54購01,TW25Z7385003,TPEx,2025-09-02
7386,00　聖暉*凱基56購03,TW25Z7386001,TPEx,2025-09-04
7387,00　旺矽群益53購08,TW25Z7387009,TPEx,2025-09-05
7388,00　振曜群益53購02,TW25Z7388007,TPEx,2025-09-08
7389,00　中光電永豐54購02,TW25Z7389005,TPEx,2025-09-10
1240,茂生農經,TW0001240000,TPEx,2018-08-08
1259,安心,TW0001259000,TPEx,2011-12-15
1264,德麥,TW0001264000,TPEx,2015-04-09
1268,漢來美食,TW0001268001,TPEx,2017-09-27
1294,漢田生技,TW0001294007,TPEx,2024-09-26
1295,生合,TW0001295004,TPEx,2025-05-27
1336,台翰,TW0001336006,TPEx,2007-11-02
1565,精華,TW0001565000,TPEx,2004-03-30
1569,濱川,TW0001569002,TPEx,2005-07-29
1570,力肯,TW0001570000,TPEx,2005-06-30
1580,新麥,TW0001580009,TPEx,2007-12-10
1584,精剛,TW0001584001,TPEx,2007-11-28
1586,和勤,TW0001586006,TPEx,2012-01-09
1591,駿吉-KY,KYG4782L1023,TPEx,2012-03-23
1593,祺驊,TW0001593002,TPEx,2012-06-13
1595,川寶,TW0001595007,TPEx,2011-10-04
1599,宏佳騰,TW0001599009,TPEx,2012-12-25
1742,台蠟,TW0001742005,TPEx,2004-05-14
1777,生泰,TW0001777001,TPEx,2005-10-19
1781,合世,TW0001781003,TPEx,2004-12-24
1784,訊聯,TW0001784007,TPEx,2007-07-26
1785,光洋科,TW0001785004,TPEx,2005-01-31
1788,杏昌,TW0001788008,TPEx,2009-07-20
1796,金穎生技,TW0001796001,TPEx,2018-01-22
1799,易威,TW0001799005,TPEx,2008-11-10
1813,寶利徠,TW0001813004,TPEx,2009-08-04
1815,富喬,TW0001815009,TPEx,2006-01-23
2035,唐榮,TW0002035003,TPEx,2006-07-07
2061,風青,TW0002061009,TPEx,2010-12-09
2063,世鎧,TW0002063005,TPEx,2010-09-07
2064,晉椿,TW0002064003,TPEx,2014-12-26
2065,世豐,TW0002065000,TPEx,2017-04-21
2066,世德,TW0002066008,TPEx,2013-09-24
2067,嘉鋼,TW0002067006,TPEx,2014-05-26
2070,精湛,TW0002070000,TPEx,2018-12-17
2073,雄順,TW0002073004,TPEx,2023-06-21
2221,大甲,TW0002221009,TPEx,2007-08-01
2230,泰茂,TW0002230000,TPEx,2013-04-18
2235,謚源,TW0002235009,TPEx,2014-12-15
2596,綠意,TW0002596004,TPEx,2009-06-01
2640,大車隊,TW0002640000,TPEx,2012-11-07
2641,正德,TW0002641008,TPEx,2014-10-09
2643,捷迅,TW0002643004,TPEx,2016-03-04
2718,全心投控,TW0002718004,TPEx,2011-03-29
2719,燦星旅,TW0002719002,TPEx,2012-02-24
2724,藝舍-KY,KYG3704Y1017,TPEx,2012-05-29
2726,雅茗-KY,KYG988361021,TPEx,2014-12-24
2729,瓦城,TW0002729001,TPEx,2012-09-17
2732,六角,TW0002732005,TPEx,2015-01-20
2734,易飛網,TW0002734001,TPEx,2013-12-26
2736,富野,TW0002736006,TPEx,2016-01-06
2740,天蔥,TW0002740008,TPEx,2015-12-24
2743,山富,TW0002743002,TPEx,2020-03-09
2745,五福,TW0002745007,TPEx,2018-04-16
2751,王座,TW0002751005,TPEx,2024-09-10
2752,豆府,TW0002752003,TPEx,2019-09-25
2754,亞洲藏壽司,TW0002754009,TPEx,2020-09-17
2755,揚秦,TW0002755006,TPEx,2020-12-16
2756,聯發國際,TW0002756004,TPEx,2022-01-14
2916,滿心,TW0002916004,TPEx,2005-03-10
2924,宏太-KY,KYG198691092,TPEx,2011-12-02
2926,誠品生活,TW0002926003,TPEx,2013-01-30
2937,集雅社,TW0002937000,TPEx,2017-06-08
2941,米斯特,TW0002941002,TPEx,2024-03-20
2947,振宇五金,TW0002947009,TPEx,2021-10-06
2948,寶陞,TW0002948007,TPEx,2023-12-12
2949,欣新網,TW0002949005,TPEx,2023-12-15
3064,泰偉,TW0003064002,TPEx,2004-06-09
3066,李洲,TW0003066007,TPEx,2004-12-02
3067,全域,TW0003067005,TPEx,2003-10-21
3071,協禧,TW0003071007,TPEx,2004-12-30
3073,天方能源,TW0003073003,TPEx,2007-10-08
3078,僑威,TW0003078002,TPEx,2005-01-31
3081,聯亞,TW0003081006,TPEx,2015-07-22
3083,網龍,TW0003083002,TPEx,2003-12-02
3085,新零售,TW0003085007,TPEx,2004-03-01
3086,華義,TW0003086005,TPEx,2004-03-29
3088,艾訊,TW0003088001,TPEx,2005-04-28
3093,港建*,TW0003093001,TPEx,2005-06-17
3095,及成,TW0003095006,TPEx,2005-05-26
3105,穩懋,TW0003105003,TPEx,2011-12-13
3114,好德,TW0003114005,TPEx,2004-03-25
3115,富榮綱,TW0003115002,TPEx,2005-04-08
3118,進階,TW0003118006,TPEx,2008-05-21
3122,笙泉,TW0003122008,TPEx,2015-01-26
3128,昇銳,TW0003128005,TPEx,2006-09-04
3131,弘塑,TW0003131009,TPEx,2011-01-17
3141,晶宏,TW0003141008,TPEx,2014-03-14
3147,大綜,TW0003147005,TPEx,2018-05-29
3152,璟德,TW0003152005,TPEx,2008-03-24
3162,精確,TW0003162004,TPEx,2005-10-03
3163,波若威,TW0003163002,TPEx,2012-12-03
3169,亞信,TW0003169009,TPEx,2009-11-24
3171,炎洲流通,TW0003171005,TPEx,2004-09-17
3176,基亞,TW0003176004,TPEx,2011-11-23
3178,公準,TW0003178000,TPEx,2018-11-19
3188,鑫龍騰,TW0003188009,TPEx,2004-03-17
3191,雲嘉南,TW0003191003,TPEx,2005-04-12
3205,佰研,TW0003205001,TPEx,2005-09-12
3206,志豐,TW0003206009,TPEx,2007-02-08
3207,耀勝,TW0003207007,TPEx,2004-11-04
3211,順達,TW0003211009,TPEx,2004-11-08
3213,茂訊,TW0003213005,TPEx,2004-10-01
3217,優群,TW0003217006,TPEx,2004-04-30
3218,大學光,TW0003218004,TPEx,2004-11-29
3219,倚強科,TW0003219002,TPEx,2004-03-19
3221,台嘉碩,TW0003221008,TPEx,2006-02-22
3224,三顧,TW0003224002,TPEx,2004-06-03
3226,龍鋒,TW0003226007,TPEx,2004-06-16
3227,原相,TW0003227005,TPEx,2006-05-04
3228,金麗科,TW0003228003,TPEx,2005-03-02
3230,錦明,TW0003230009,TPEx,2006-09-25
3232,昱捷,TW0003232005,TPEx,2004-11-01
3234,光環,TW0003234001,TPEx,2011-03-24
3236,千如,TW0003236006,TPEx,2004-12-02
3252,海灣,TW0003252003,TPEx,2004-09-23
3259,鑫創,TW0003259008,TPEx,2007-12-24
3260,威剛,TW0003260006,TPEx,2004-10-08
3264,欣銓,TW0003264008,TPEx,2005-01-05
3265,台星科,TW0003265005,TPEx,2005-08-02
3268,海德威,TW0003268009,TPEx,2005-01-27
3272,東碩,TW0003272001,TPEx,2014-08-26
3276,宇環,TW0003276002,TPEx,2005-01-12
3284,太普高,TW0003284006,TPEx,2005-03-22
3285,微端,TW0003285003,TPEx,2012-07-23
3287,廣寰科,TW0003287009,TPEx,2008-01-28
3288,點晶,TW0003288007,TPEx,2005-04-15
3289,宜特,TW0003289005,TPEx,2004-12-28
3290,東浦,TW0003290003,TPEx,2005-05-19
3293,鈊象,TW0003293007,TPEx,2006-07-12
3294,英濟,TW0003294005,TPEx,2007-04-27
3297,杭特,TW0003297008,TPEx,2005-06-07
3303,岱稜,TW0003303004,TPEx,2007-05-28
3306,鼎天,TW0003306007,TPEx,2005-07-05
3310,佳穎,TW0003310009,TPEx,2008-06-27
3313,斐成,TW0003313003,TPEx,2006-05-29
3317,尼克森,TW0003317004,TPEx,2007-08-09
3322,建舜電,TW0003322004,TPEx,2009-05-20
3323,加百裕,TW0003323002,TPEx,2007-06-25
3324,雙鴻,TW0003324000,TPEx,2005-05-13
3325,旭品,TW0003325007,TPEx,2005-08-15
3332,幸康,TW0003332003,TPEx,2008-01-24
3339,泰谷,TW0003339008,TPEx,2006-06-27
3349,寶德,TW0003349007,TPEx,2022-03-23
3354,律勝,TW0003354007,TPEx,2005-12-08
3357,臺慶科,TW0003357000,TPEx,2021-04-27
3360,尚立,TW0003360004,TPEx,2006-06-06
3362,先進光,TW0003362000,TPEx,2005-09-06
3363,上詮,TW0003363008,TPEx,2011-02-25
3372,典範,TW0003372009,TPEx,2005-12-16
3373,熱映,TW0003373007,TPEx,2007-12-13
3374,精材,TW0003374005,TPEx,2015-03-30
3379,彬台,TW0003379004,TPEx,2011-10-20
3388,崇越電,TW0003388005,TPEx,2006-02-22
3390,旭軟,TW0003390001,TPEx,2006-02-22
3402,漢科,TW0003402004,TPEx,2007-01-09
3426,台興,TW0003426003,TPEx,2016-12-21
3430,奇鈦科,TW0003430005,TPEx,2022-09-08
3434,哲固,TW0003434007,TPEx,2008-01-28
3438,類比科,TW0003438008,TPEx,2006-07-19
3441,聯一光,TW0003441002,TPEx,2010-10-04
3444,利機,TW0003444006,TPEx,2008-09-26
3455,由田,TW0003455002,TPEx,2007-12-27
3465,進泰電子,TW0003465001,TPEx,2008-01-28
3466,德晉,TW0003466009,TPEx,2006-05-17
3467,台灣精材,TW0003467007,TPEx,2025-03-25
3479,安勤,TW0003479002,TPEx,2010-06-08
3483,力致,TW0003483004,TPEx,2006-12-18
3484,崧騰,TW0003484002,TPEx,2007-11-09
3489,森寶,TW0003489001,TPEx,2007-09-29
3490,單井,TW0003490009,TPEx,2007-10-15
3491,昇達科,TW0003491007,TPEx,2008-01-03
3492,長盛,TW0003492005,TPEx,2015-05-18
3498,陽程,TW0003498002,TPEx,2007-09-11
3499,環天科,TW0003499000,TPEx,2006-10-19
3508,位速,TW0003508008,TPEx,2007-10-17
3511,矽瑪,TW0003511002,TPEx,2009-02-16
3512,皇龍,TW0003512000,TPEx,2007-07-25
3516,亞帝歐,TW0003516001,TPEx,2007-11-29
3520,華盈,TW0003520003,TPEx,2007-10-12
3521,鴻翊,TW0003521001,TPEx,2025-06-02
3522,御嵿,TW0003522009,TPEx,2007-10-15
3523,迎輝,TW0003523007,TPEx,2007-11-16
3526,凡甲,TW0003526000,TPEx,2007-11-02
3527,聚積,TW0003527008,TPEx,2007-10-29
3529,力旺,TW0003529004,TPEx,2011-01-24
3531,先益,TW0003531000,TPEx,2008-04-08
3537,堡達,TW0003537007,TPEx,2010-01-25
3540,曜越,TW0003540001,TPEx,2007-12-12
3541,西柏,TW0003541009,TPEx,2009-12-22
3546,宇峻,TW0003546008,TPEx,2008-04-18
3548,兆利,TW0003548004,TPEx,2008-03-27
3551,世禾,TW0003551008,TPEx,2008-04-15
3552,同致,TW0003552006,TPEx,2009-01-07
3555,博士旺,TW0003555009,TPEx,2011-11-08
3556,禾瑞亞,TW0003556007,TPEx,2008-04-15
3558,神準,TW0003558003,TPEx,2013-12-30
3564,其陽,TW0003564001,TPEx,2013-12-03
3567,逸昌,TW0003567004,TPEx,2010-11-22
3570,大塚,TW0003570008,TPEx,2008-10-23
3577,泓格,TW0003577003,TPEx,2009-01-06
3580,友威科,TW0003580007,TPEx,2010-07-09
3581,博磊,TW0003581005,TPEx,2015-01-20
3587,閎康,TW0003587002,TPEx,2009-08-18
3594,磐儀,TW0003594008,TPEx,2013-05-07
3597,映興,TW0003597001,TPEx,2020-03-09
3609,三一東林,TW0003609004,TPEx,2011-01-11
3611,鼎翰,TW0003611000,TPEx,2008-11-26
3615,安可,TW0003615001,TPEx,2009-04-15
3623,富晶通,TW0003623005,TPEx,2010-04-28
3624,光頡,TW0003624003,TPEx,2011-03-16
3625,西勝,TW0003625000,TPEx,2009-10-28
3628,盈正,TW0003628004,TPEx,2010-09-09
3629,地心引力,TW0003629002,TPEx,2020-06-01
3630,新鉅科,TW0003630000,TPEx,2010-04-26
3631,晟楠,TW0003631008,TPEx,2010-12-20
3632,研勤,TW0003632006,TPEx,2011-01-11
3646,艾恩特,TW0003646006,TPEx,2012-03-27
3663,鑫科,TW0003663001,TPEx,2012-11-20
3664,安瑞-KY,KYG0550W1069,TPEx,2010-06-24
3666,光耀,TW0003666004,TPEx,2014-12-04
3672,康聯訊,TW0003672002,TPEx,2015-04-20
3675,德微,TW0003675005,TPEx,2012-06-29
3680,家登,TW0003680005,TPEx,2011-08-31
3684,榮昌,TW0003684007,TPEx,2014-03-28
3685,元創精密,TW0003685004,TPEx,2010-12-08
3687,歐買尬,TW0003687000,TPEx,2020-06-01
3689,湧德,TW0003689006,TPEx,2012-10-18
3691,碩禾,TW0003691002,TPEx,2010-11-18
3693,營邦,TW0003693008,TPEx,2013-11-27
3707,漢磊,TW0003707006,TPEx,2014-10-01
3709,鑫聯大投控,TW0003709002,TPEx,1999-04-16
3710,連展投控,TW0003710000,TPEx,2017-12-29
3713,新晶投控,TW0003713004,TPEx,2020-02-27
4102,永日,TW0004102009,TPEx,2001-03-20
4105,東洋,TW0004105002,TPEx,2001-09-27
4107,邦特,TW0004107008,TPEx,2002-03-04
4109,加捷生醫,TW0004109004,TPEx,2002-08-08
4111,濟生,TW0004111000,TPEx,1999-03-06
4113,聯上,TW0004113006,TPEx,2003-07-22
4114,健喬,TW0004114004,TPEx,2003-05-12
4116,明基醫,TW0004116009,TPEx,2015-12-16
4120,友華,TW0004120001,TPEx,2003-11-05
4121,優盛,TW0004121009,TPEx,2003-07-25
4123,晟德,TW0004123005,TPEx,2003-10-07
4126,太醫,TW0004126008,TPEx,2004-02-09
4127,天良,TW0004127006,TPEx,2005-07-29
4128,中天,TW0004128004,TPEx,2006-06-09
4129,聯合,TW0004129002,TPEx,2004-09-29
4130,健亞,TW0004130000,TPEx,2012-01-12
4131,浩泰,TW0004131008,TPEx,2004-04-09
4138,曜亞,TW0004138003,TPEx,2010-12-29
4139,馬光-KY,KYG5831M1087,TPEx,2011-04-29
4147,中裕,TW0004147004,TPEx,2015-11-23
4153,鈺緯,TW0004153002,TPEx,2013-05-23
4154,樂威科-KY,KYG527551082,TPEx,2011-12-28
4157,太景*-KY,KYG866171005,TPEx,2013-08-30
4160,訊聯基因,TW0004160007,TPEx,2012-09-17
4161,聿新科,TW0004161005,TPEx,2013-06-26
4162,智擎,TW0004162003,TPEx,2012-09-18
4163,鐿鈦,TW0004163001,TPEx,2012-11-15
4166,友霖,TW0004166004,TPEx,2025-08-21
4167,松瑞藥,TW0004167002,TPEx,2015-09-08
4168,醣聯,TW0004168000,TPEx,2012-12-18
4171,瑞基,TW0004171004,TPEx,2018-03-28
4173,久裕,TW0004173000,TPEx,2013-10-31
4174,浩鼎,TW0004174008,TPEx,2015-03-23
4175,杏一,TW0004175005,TPEx,2014-04-23
4183,福永生技,TW0004183009,TPEx,2017-03-09
4188,安克,TW0004188008,TPEx,2015-03-24
4192,杏國,TW0004192000,TPEx,2014-10-28
4198,欣大健康,TW0004198007,TPEx,2014-12-23
4205,中華食,TW0004205000,TPEx,1999-01-31
4207,環泰,TW0004207006,TPEx,2000-01-21
4303,信立,TW0004303003,TPEx,1999-03-10
4304,勝昱,TW0004304001,TPEx,2000-01-27
4305,世坤,TW0004305008,TPEx,2000-09-28
4401,東隆興,TW0004401005,TPEx,1996-05-09
4402,郡都開發,TW0004402003,TPEx,1997-07-23
4406,新昕纖,TW0004406004,TPEx,1999-01-14
4413,飛寶企業,TW0004413000,TPEx,1999-07-29
4416,三圓,TW0004416003,TPEx,2000-05-06
4417,金洲,TW0004417001,TPEx,2000-11-07
4419,皇家美食,TW0004419007,TPEx,2001-06-26
4420,光明,TW0004420005,TPEx,2002-04-18
4430,耀億,TW0004430004,TPEx,2011-06-09
4432,銘旺實,TW0004432000,TPEx,2012-11-26
4433,興采,TW0004433008,TPEx,2014-11-03
4442,竣邦-KY,KYG5001G1055,TPEx,2023-11-29
4502,健信,TW0004502000,TPEx,1995-12-12
4503,金雨,TW0004503008,TPEx,1996-12-19
4506,崇友,TW0004506001,TPEx,1997-12-06
4510,高鋒,TW0004510003,TPEx,1998-02-24
4513,福裕,TW0004513007,TPEx,1998-03-25
4523,永彰,TW0004523006,TPEx,1999-11-22
4527,方土霖,TW0004527007,TPEx,2000-09-28
4528,江興鍛,TW0004528005,TPEx,2001-02-12
4529,淳紳,TW0004529003,TPEx,2001-05-04
4530,宏易,TW0004530001,TPEx,2001-04-30
4533,協易機,TW0004533005,TPEx,2002-04-26
4534,慶騰,TW0004534003,TPEx,2003-03-31
4535,至興,TW0004535000,TPEx,2003-04-16
4538,大詠城,TW0004538004,TPEx,2019-01-15
4541,晟田,TW0004541008,TPEx,2014-07-22
4542,科嶠,TW0004542006,TPEx,2014-08-25
4543,萬在,TW0004543004,TPEx,2016-03-15
4549,桓達,TW0004549001,TPEx,2014-11-27
4550,長佳,TW0004550009,TPEx,2015-03-18
4554,橙的,TW0004554001,TPEx,2016-08-05
4556,旭然,TW0004556006,TPEx,2015-12-22
4558,寶緯,TW0004558002,TPEx,2022-03-17
4561,健椿,TW0004561006,TPEx,2018-06-11
4563,百德,TW0004563002,TPEx,2018-07-12
4568,科際精密,TW0004568001,TPEx,2018-10-03
4577,達航科技,TW0004577002,TPEx,2022-06-14
4580,捷流閥業,TW0004580006,TPEx,2020-01-06
4584,君帆,TW0004584008,TPEx,2022-10-05
4609,唐鋒,TW0004609003,TPEx,2000-05-19
4702,中美實,TW0004702006,TPEx,1995-04-21
4706,大恭,TW0004706007,TPEx,1998-04-17
4707,磐亞,TW0004707005,TPEx,1998-05-20
4711,永純,TW0004711007,TPEx,1999-02-24
4714,永捷,TW0004714001,TPEx,2000-03-27
4716,大立,TW0004716006,TPEx,2000-03-27
4721,美琪瑪,TW0004721006,TPEx,2001-03-09
4726,永昕,TW0004726005,TPEx,2013-12-25
4728,雙美,TW0004728001,TPEx,2012-01-10
4729,熒茂,TW0004729009,TPEx,2009-02-24
4735,豪展,TW0004735006,TPEx,2011-08-16
4741,泓瀚,TW0004741004,TPEx,2017-09-26
4743,合一,TW0004743000,TPEx,2011-09-23
4744,皇將,TW0004744008,TPEx,2018-07-12
4745,合富-KY,KYG248111042,TPEx,2013-01-30
4747,強生,TW0004747001,TPEx,2013-12-25
4749,新應材,TW0004749007,TPEx,2025-01-17
4754,國碳科,TW0004754007,TPEx,2016-09-28
4760,勤凱,TW0004760004,TPEx,2019-03-21
4767,誠泰科技,TW0004767009,TPEx,2018-10-29
4768,晶呈科技,TW0004768007,TPEx,2022-04-13
4772,台特化,TW0004772009,TPEx,2024-09-20
4804,大略-KY,KYG2646C1024,TPEx,2015-12-04
4806,桂田文創,TW0004806005,TPEx,2016-03-09
4903,聯光通,TW0004903000,TPEx,2001-05-14
4905,台聯電,TW0004905005,TPEx,2001-12-07
4907,富宇,TW0004907001,TPEx,2002-03-04
4908,前鼎,TW0004908009,TPEx,2002-02-27
4909,新復興,TW0004909007,TPEx,2002-11-28
4911,德英,TW0004911003,TPEx,2011-03-21
4923,力士,TW0004923008,TPEx,2022-03-14
4924,欣厚-KY,KYG4642A1067,TPEx,2011-10-18
4931,新盛力,TW0004931001,TPEx,2019-09-17
4933,友輝,TW0004933007,TPEx,2010-05-04
4939,亞電,TW0004939004,TPEx,2011-09-19
4946,辣椒,TW0004946009,TPEx,2011-06-10
4950,金耘國際,TW0004950001,TPEx,2012-04-27
4951,精拓科,TW0004951009,TPEx,2022-11-03
4953,緯軟,TW0004953005,TPEx,2014-01-08
4966,譜瑞-KY,KYG6892A1085,TPEx,2011-09-13
4971,IET-KY,KYG480071011,TPEx,2013-07-24
4972,湯石照明,TW0004972005,TPEx,2013-06-17
4973,廣穎,TW0004973003,TPEx,2012-06-19
4974,亞泰,TW0004974001,TPEx,2011-11-29
4979,華星光,TW0004979000,TPEx,2011-12-12
4987,科誠,TW0004987003,TPEx,2012-03-21
4991,環宇-KY,KYG377541019,TPEx,2014-09-15
4995,晶達,TW0004995006,TPEx,2012-05-09
5009,榮剛,TW0005009005,TPEx,1998-10-17
5011,久陽,TW0005011001,TPEx,1999-05-06
5013,強新,TW0005013007,TPEx,2000-05-08
5014,建錩,TW0005014005,TPEx,2001-02-15
5015,華祺,TW0005015002,TPEx,2000-12-15
5016,松和,TW0005016000,TPEx,2001-03-05
5201,凱衛,TW0005201008,TPEx,2000-10-12
5202,力新,TW0005202006,TPEx,2000-10-18
5205,中茂,TW0005205009,TPEx,2001-05-14
5206,坤悅,TW0005206007,TPEx,2001-10-08
5209,新鼎,TW0005209001,TPEx,2002-02-25
5210,寶碩,TW0005210009,TPEx,2002-04-25
5211,蒙恬,TW0005211007,TPEx,2002-12-23
5212,凌網,TW0005212005,TPEx,2003-03-24
5213,亞昕,TW0005213003,TPEx,2003-04-24
5220,萬達光電,TW0005220008,TPEx,2018-04-26
5223,安力-KY,KYG0458G1047,TPEx,2018-07-02
5227,立凱-KY,KYG0100G1064,TPEx,2013-12-09
5228,鈺鎧,TW0005228001,TPEx,2022-05-20
5230,雷笛克光學,TW0005230007,TPEx,2012-06-05
5236,凌陽創新,TW0005236004,TPEx,2021-07-29
5245,智晶,TW0005245005,TPEx,2015-05-25
5251,天鉞電,TW0005251003,TPEx,2012-11-26
5263,智崴,TW0005263008,TPEx,2012-12-18
5272,笙科,TW0005272009,TPEx,2013-05-30
5274,信驊,TW0005274005,TPEx,2013-04-30
5276,達輝-KY,KYG2743W1006,TPEx,2014-06-12
5278,尚凡*,TW0005278006,TPEx,2013-06-04
5287,數字,TW0005287007,TPEx,2014-01-20
5289,宜鼎,TW0005289003,TPEx,2013-11-27
5291,邑昇,TW0005291009,TPEx,2014-12-23
5299,杰力,TW0005299002,TPEx,2018-01-23
5301,寶得利,TW0005301006,TPEx,1990-06-25
5302,太欣,TW0005302004,TPEx,1991-01-17
5309,系統電,TW0005309009,TPEx,1996-03-18
5310,天剛,TW0005310007,TPEx,1996-04-09
5312,寶島科,TW0005312003,TPEx,1996-05-25
5314,世紀*,TW0005314009,TPEx,1996-09-16
5315,光聯,TW0005315006,TPEx,1996-11-02
5321,美而快,TW0005321004,TPEx,1996-12-30
5324,士開,TW0005324008,TPEx,1997-01-30
5328,華容,TW0005328009,TPEx,1997-08-28
5340,建榮,TW0005340004,TPEx,1998-01-20
5344,立衛,TW0005344006,TPEx,1998-03-23
5345,馥鴻,TW0005345003,TPEx,1998-03-23
5347,世界,TW0005347009,TPEx,1998-03-25
5348,正能量智能,TW0005348007,TPEx,2025-06-02
5351,鈺創,TW0005351001,TPEx,1998-05-15
5353,台林,TW0005353007,TPEx,1998-05-18
5355,佳總,TW0005355002,TPEx,1998-06-23
5356,協益,TW0005356000,TPEx,1998-07-20
5364,力麗店,TW0005364004,TPEx,2013-08-26
5371,中光電,TW0005371009,TPEx,1999-01-20
5381,合正,TW0005381008,TPEx,1999-03-19
5386,青雲,TW0005386007,TPEx,1999-05-13
5392,能率,TW0005392005,TPEx,1999-06-14
5398,慕康生醫,TW0005398002,TPEx,1999-10-11
5403,中菲,TW0005403000,TPEx,1999-10-15
5410,國眾,TW0005410005,TPEx,1999-11-26
5425,台半,TW0005425003,TPEx,2000-02-21
5426,振發,TW0005426001,TPEx,2000-02-09
5432,新門,TW0005432009,TPEx,2000-03-21
5438,東友,TW0005438006,TPEx,2000-06-17
5439,高技,TW0005439004,TPEx,2000-06-26
5443,均豪,TW0005443006,TPEx,1998-02-09
5450,南良,TW0005450001,TPEx,2020-06-01
5452,佶優,TW0005452007,TPEx,2000-10-02
5455,昇益,TW0005455000,TPEx,2000-10-19
5457,宣德,TW0005457006,TPEx,2000-09-29
5460,同協,TW0005460000,TPEx,2000-09-28
5464,霖宏,TW0005464002,TPEx,2000-11-08
5465,富驊,TW0005465009,TPEx,2000-11-08
5468,凱鈺,TW0005468003,TPEx,2001-01-17
5474,聰泰,TW0005474001,TPEx,2001-03-20
5475,德宏,TW0005475008,TPEx,2001-01-16
5478,智冠,TW0005478002,TPEx,2001-03-29
5481,新華,TW0005481006,TPEx,2020-06-01
5483,中美晶,TW0005483002,TPEx,2001-03-02
5487,通泰,TW0005487003,TPEx,2001-02-20
5488,松普,TW0005488001,TPEx,2001-03-12
5489,彩富,TW0005489009,TPEx,2001-03-12
5490,同亨,TW0005490007,TPEx,2001-05-14
5493,三聯,TW0005493001,TPEx,2001-05-03
5498,凱崴,TW0005498000,TPEx,2001-03-29
5508,永信建,TW0005508006,TPEx,1998-05-13
5511,德昌,TW0005511000,TPEx,1998-12-09
5512,力麒,TW0005512008,TPEx,1998-12-04
5514,三豐,TW0005514004,TPEx,1998-12-29
5516,雙喜,TW0005516009,TPEx,1999-03-23
5520,力泰,TW0005520001,TPEx,1999-10-27
5523,豐謙,TW0005523005,TPEx,1999-12-27
5529,鉅陞,TW0005529002,TPEx,1996-01-12
5530,龍巖,TW0005530000,TPEx,2000-10-04
5536,聖暉*,TW0005536007,TPEx,2010-11-10
5543,桓鼎-KY,KYG1676E1035,TPEx,2016-05-09
5548,安倉,TW0005548002,TPEx,2024-03-18
5601,台聯櫃,TW0005601009,TPEx,1994-11-24
5603,陸海,TW0005603005,TPEx,1997-01-25
5604,中連,TW0005604003,TPEx,1997-05-22
5609,中菲行,TW0005609002,TPEx,2001-10-15
5701,劍湖山,TW0005701007,TPEx,1998-03-12
5703,亞都,TW0005703003,TPEx,1999-06-15
5704,老爺知,TW0005704001,TPEx,1999-12-21
5864,致和證,TW0005864003,TPEx,2018-04-02
5878,台名,TW0005878003,TPEx,2014-10-28
5902,德記,TW0005902001,TPEx,1998-02-07
5903,全家,TW0005903009,TPEx,2002-02-25
5904,寶雅,TW0005904007,TPEx,2002-09-06
5905,南仁湖,TW0005905004,TPEx,2003-06-17
6015,宏遠證,TW0006015001,TPEx,1996-07-25
6016,康和證,TW0006016009,TPEx,1996-12-04
6020,大展證,TW0006020001,TPEx,2003-01-23
6021,美好證,TW0006021009,TPEx,2003-04-21
6023,元大期,TW0006023005,TPEx,2007-11-28
6026,福邦證,TW0006026008,TPEx,2016-01-27
6101,寬魚國際,TW0006101009,TPEx,2001-03-29
6103,合邦,TW0006103005,TPEx,2001-05-07
6104,創惟,TW0006104003,TPEx,2001-05-22
6109,亞元,TW0006109002,TPEx,2001-07-26
6111,大宇資,TW0006111008,TPEx,2001-08-08
6113,亞矽,TW0006113004,TPEx,2001-08-10
6114,久威,TW0006114002,TPEx,2001-09-27
6118,建達,TW0006118003,TPEx,2001-10-25
6121,新普,TW0006121007,TPEx,2001-11-27
6122,擎邦,TW0006122005,TPEx,2000-07-14
6123,上奇,TW0006123003,TPEx,2002-01-23
6124,業強,TW0006124001,TPEx,2002-03-19
6125,廣運,TW0006125008,TPEx,2002-01-23
6126,信音,TW0006126006,TPEx,2002-01-18
6127,九豪,TW0006127004,TPEx,2002-01-10
6129,普誠,TW0006129000,TPEx,2001-12-25
6130,上亞科技,TW0006130008,TPEx,2002-03-26
6134,萬旭,TW0006134000,TPEx,2002-01-08
6138,茂達,TW0006138001,TPEx,2002-01-18
6140,訊達,TW0006140007,TPEx,2002-02-04
6143,振曜,TW0006143001,TPEx,2002-01-28
6144,得利影,TW0006144009,TPEx,2002-01-23
6146,耕興,TW0006146004,TPEx,2002-01-23
6147,頎邦,TW0006147002,TPEx,2002-01-31
6148,驊宏資,TW0006148000,TPEx,2002-02-01
6150,撼訊,TW0006150006,TPEx,2002-03-11
6151,晉倫,TW0006151004,TPEx,2002-02-25
6154,順發,TW0006154008,TPEx,2002-02-18
6156,松上,TW0006156003,TPEx,2002-02-19
6158,禾昌,TW0006158009,TPEx,2002-02-19
6160,欣技,TW0006160005,TPEx,2002-03-01
6161,捷波,TW0006161003,TPEx,2002-03-01
6163,華電網,TW0006163009,TPEx,2002-03-19
6167,久正,TW0006167000,TPEx,2002-03-26
6169,昱泉,TW0006169006,TPEx,2002-03-22
6170,統振,TW0006170004,TPEx,2002-04-16
6171,大城地產,TW0006171002,TPEx,2002-04-22
6173,信昌電,TW0006173008,TPEx,2002-04-19
6174,安碁,TW0006174006,TPEx,2002-05-02
6175,立敦,TW0006175003,TPEx,2002-06-10
6179,亞通,TW0006179005,TPEx,2002-05-17
6180,橘子,TW0006180003,TPEx,2002-05-21
6182,合晶,TW0006182009,TPEx,2002-05-16
6185,幃翔,TW0006185002,TPEx,2002-08-09
6186,新潤,TW0006186000,TPEx,2002-08-02
6187,萬潤,TW0006187008,TPEx,2002-09-27
6188,廣明,TW0006188006,TPEx,2002-08-27
6190,萬泰科,TW0006190002,TPEx,1998-02-04
6194,育富,TW0006194004,TPEx,2002-12-05
6195,詩肯,TW0006195001,TPEx,2002-10-21
6198,瑞築,TW0006198005,TPEx,2002-12-26
6199,天品,TW0006199003,TPEx,2016-10-07
6203,海韻電,TW0006203003,TPEx,2002-12-26
6204,艾華,TW0006204001,TPEx,2002-11-13
6207,雷科,TW0006207004,TPEx,2002-12-23
6208,日揚,TW0006208002,TPEx,2002-12-23
6210,慶生,TW0006210008,TPEx,2003-02-14
6212,理銘,TW0006212004,TPEx,2002-12-26
6217,中探針,TW0006217003,TPEx,2003-01-09
6218,豪勉,TW0006218001,TPEx,2003-01-14
6219,富旺,TW0006219009,TPEx,2003-02-26
6220,岳豐,TW0006220007,TPEx,2003-01-09
6221,晉泰,TW0006221005,TPEx,2003-01-06
6222,立軒,TW0006222003,TPEx,2003-01-09
6223,旺矽,TW0006223001,TPEx,2003-01-06
6227,茂綸,TW0006227002,TPEx,2003-01-14
6228,全譜,TW0006228000,TPEx,2003-01-21
6229,研通,TW0006229008,TPEx,2003-01-14
6231,系微,TW0006231004,TPEx,2003-01-23
6233,旺玖,TW0006233000,TPEx,2003-02-20
6234,高僑,TW0006234008,TPEx,2003-03-12
6236,中湛,TW0006236003,TPEx,2003-03-31
6237,驊訊,TW0006237001,TPEx,2003-04-21
6240,松崗,TW0006240005,TPEx,2003-05-30
6241,易通展,TW0006241003,TPEx,2003-04-08
6242,立康,TW0006242001,TPEx,2003-04-23
6244,茂迪,TW0006244007,TPEx,2003-05-15
6245,立端,TW0006245004,TPEx,2003-05-19
6246,臺龍,TW0006246002,TPEx,2003-06-18
6248,沛波,TW0006248008,TPEx,2003-09-03
6259,百徽,TW0006259005,TPEx,2003-09-17
6261,久元,TW0006261001,TPEx,2004-03-29
6263,普萊德,TW0006263007,TPEx,2003-09-17
6264,富裔,TW0006264005,TPEx,2004-02-24
6265,方土昶,TW0006265002,TPEx,2003-10-24
6266,泰詠,TW0006266000,TPEx,2004-04-29
6270,倍微,TW0006270002,TPEx,2003-09-17
6274,台燿,TW0006274004,TPEx,2003-12-18
6275,元山,TW0006275001,TPEx,2004-12-23
6276,安鈦克,TW0006276009,TPEx,2003-10-30
6279,胡連,TW0006279003,TPEx,2003-11-26
6284,佳邦,TW0006284003,TPEx,2004-06-29
6290,良維,TW0006290000,TPEx,2005-06-03
6291,沛亨,TW0006291008,TPEx,2004-01-28
6292,迅德,TW0006292006,TPEx,2003-11-26
6294,智基,TW0006294002,TPEx,2004-01-13
6411,晶焱,TW0006411002,TPEx,2014-03-11
6417,韋僑,TW0006417009,TPEx,2015-10-08
6418,詠昇,TW0006418007,TPEx,2019-02-18
6419,京晨科,TW0006419005,TPEx,2014-12-29
6425,易發,TW0006425002,TPEx,2019-01-18
6432,今展科,TW0006432008,TPEx,2015-05-20
6435,大中,TW0006435001,TPEx,2016-01-07
6441,廣錠,TW0006441009,TPEx,2017-09-27
6461,益得,TW0006461007,TPEx,2018-03-28
6462,神盾,TW0006462005,TPEx,2015-12-23
6465,威潤,TW0006465008,TPEx,2015-11-20
6469,大樹,TW0006469000,TPEx,2016-03-30
6470,宇智,TW0006470008,TPEx,2015-11-03
6482,弘煜科,TW0006482003,TPEx,2016-06-13
6485,點序,TW0006485006,TPEx,2015-11-17
6486,互動,TW0006486004,TPEx,2016-09-13
6488,環球晶,TW0006488000,TPEx,2015-09-25
6492,生華科,TW0006492002,TPEx,2017-04-24
6494,九齊,TW0006494008,TPEx,2016-05-09
6496,科懋,TW0006496003,TPEx,2016-01-07
6498,久禾光,TW0006498009,TPEx,2025-05-20
6499,益安,TW0006499007,TPEx,2016-07-27
6506,雙邦,TW0006506009,TPEx,2011-05-03
6508,惠光,TW0006508005,TPEx,2004-03-22
6509,聚和,TW0006509003,TPEx,2004-04-12
6510,精測,TW0006510001,TPEx,2016-03-24
6512,啟發電,TW0006512007,TPEx,2016-03-25
6516,勤崴國際,TW0006516008,TPEx,2019-05-06
6517,保勝光學,TW0006517006,TPEx,2022-12-15
6523,達爾膚,TW0006523004,TPEx,2016-06-16
6527,明達醫,TW0006527005,TPEx,2019-12-25
6530,創威,TW0006530009,TPEx,2018-01-23
6532,瑞耘,TW0006532005,TPEx,2016-09-26
6535,順藥,TW0006535008,TPEx,2016-09-26
6538,倉和,TW0006538002,TPEx,2016-10-21
6542,隆中,TW0006542004,TPEx,2016-09-08
6546,正基,TW0006546005,TPEx,2022-05-24
6547,高端疫苗,TW0006547003,TPEx,2018-04-17
6548,長科*,TW0006548001,TPEx,2016-09-13
6556,勝品,TW0006556004,TPEx,2017-10-31
6560,欣普羅,TW0006560006,TPEx,2017-01-24
6561,是方,TW0006561004,TPEx,2018-06-05
6568,宏觀,TW0006568009,TPEx,2016-12-28
6569,醫揚,TW0006569007,TPEx,2016-12-21
6570,維田,TW0006570005,TPEx,2017-12-11
6574,霈方,TW0006574007,TPEx,2017-09-04
6576,逸達,TW0006576002,TPEx,2018-06-29
6577,勁豐,TW0006577000,TPEx,2017-03-21
6578,達邦蛋白,TW0006578008,TPEx,2018-09-18
6584,南俊國際,TW0006584006,TPEx,2023-05-18
6588,東典光電,TW0006588007,TPEx,2020-07-01
6590,普鴻,TW0006590003,TPEx,2018-12-24
6593,台灣銘板,TW0006593007,TPEx,2017-11-03
6596,寬宏藝術,TW0006596000,TPEx,2018-01-04
6597,立誠,TW0006597008,TPEx,2025-05-08
6603,富強鑫,TW0006603004,TPEx,2004-04-05
6609,瀧澤科,TW0006609001,TPEx,2003-09-23
6612,奈米醫材,TW0006612005,TPEx,2018-07-18
6613,朋億*,TW0006613003,TPEx,2017-12-28
6615,慧智,TW0006615008,TPEx,2018-01-22
6616,特昇-KY,KYG870931030,TPEx,2018-01-10
6617,共信-KY,KYG409471060,TPEx,2024-06-18
6624,萬年清,TW0006624000,TPEx,2019-05-28
6629,泰金-KY,KYG877791072,TPEx,2019-06-06
6637,醫影,TW0006637002,TPEx,2024-06-18
6640,均華,TW0006640006,TPEx,2018-10-23
6642,富致,TW0006642002,TPEx,2019-09-23
6643,M31,TW0006643000,TPEx,2019-01-23
6649,台生材,TW0006649007,TPEx,2019-06-05
6651,全宇昕,TW0006651003,TPEx,2021-02-01
6654,天正國際,TW0006654007,TPEx,2018-10-23
6661,威健生技,TW0006661002,TPEx,2021-01-27
6662,樂斯科,TW0006662000,TPEx,2019-03-26
6664,群翊,TW0006664006,TPEx,2018-09-12
6667,信紘科,TW0006667009,TPEx,2018-11-13
6679,鈺太,TW0006679004,TPEx,2019-05-09
6680,鑫創電子,TW0006680002,TPEx,2019-09-16
6683,雍智科技,TW0006683006,TPEx,2019-04-23
6684,安格,TW0006684004,TPEx,2021-08-11
6690,安碁資訊,TW0006690001,TPEx,2019-10-30
6692,進能服,TW0006692007,TPEx,2024-02-02
6693,廣閎科,TW0006693005,TPEx,2022-03-01
6697,東捷資訊,TW0006697006,TPEx,2019-12-26
6703,軒郁,TW0006703002,TPEx,2020-10-20
6708,天擎,TW0006708001,TPEx,2022-12-29
6712,長聖,TW0006712003,TPEx,2021-01-08
6716,應廣,TW0006716004,TPEx,2020-03-27
6720,久昌,TW0006720006,TPEx,2024-12-04
6721,信實,TW0006721004,TPEx,2022-04-29
6727,亞泰金屬,TW0006727001,TPEx,2020-12-01
6728,上洋,TW0006728009,TPEx,2020-12-25
6732,昇佳電子,TW0006732001,TPEx,2020-06-08
6733,博晟生醫,TW0006733009,TPEx,2021-01-28
6735,美達科技,TW0006735004,TPEx,2022-04-29
6739,竹陞科技,TW0006739006,TPEx,2024-09-02
6741,91APP*-KY,KYG6525T1022,TPEx,2021-05-25
6747,亨泰光,TW0006747009,TPEx,2021-01-19
6751,智聯服務,TW0006751001,TPEx,2020-12-25
6752,叡揚,TW0006752009,TPEx,2020-12-10
6761,穩得,TW0006761000,TPEx,2021-11-08
6762,達亞,TW0006762008,TPEx,2020-12-18
6763,綠界科技*,TW0006763006,TPEx,2022-03-15
6767,台微醫,TW0006767007,TPEx,2021-01-25
6785,昱展新藥,TW0006785009,TPEx,2024-01-24
6788,華景電,TW0006788003,TPEx,2021-09-29
6791,虎門科技,TW0006791007,TPEx,2022-11-14
6803,崑鼎,TW0006803000,TPEx,2010-05-27
6804,明係,TW0006804008,TPEx,2022-03-31
6811,宏碁資訊,TW0006811003,TPEx,2022-08-09
6821,聯寶,TW0006821002,TPEx,2023-05-22
6823,濾能,TW0006823008,TPEx,2022-06-30
6829,千附精密,TW0006829005,TPEx,2022-03-11
6840,東研信超,TW0006840002,TPEx,2023-03-24
6841,長佳智能,TW0006841000,TPEx,2023-03-01
6843,進典,TW0006843006,TPEx,2022-11-21
6844,諾貝兒,TW0006844004,TPEx,2024-03-08
6846,綠茵,TW0006846009,TPEx,2023-05-15
6855,數泓科,TW0006855000,TPEx,2022-10-06
6856,鑫傳,TW0006856008,TPEx,2023-10-27
6859,伯特光,TW0006859002,TPEx,2022-11-28
6865,偉康科技,TW0006865009,TPEx,2023-01-11
6870,騰雲,TW0006870009,TPEx,2023-09-14
6872,浩宇生醫,TW0006872005,TPEx,2025-03-07
6874,倍力,TW0006874001,TPEx,2022-12-14
6875,國邑*,TW0006875008,TPEx,2024-03-26
6877,鏵友益,TW0006877004,TPEx,2023-06-16
6881,潤德,TW0006881006,TPEx,2024-05-21
6894,衛司特,TW0006894009,TPEx,2023-11-29
6895,宏碩系統,TW0006895006,TPEx,2023-08-22
6899,創為精密,TW0006899008,TPEx,2024-04-08
6903,巨漢,TW0006903008,TPEx,2024-06-12
6904,伯鑫,TW0006904006,TPEx,2023-12-05
6913,鴻呈,TW0006913007,TPEx,2024-10-01
6922,宸曜,TW0006922008,TPEx,2023-11-09
6925,意藍,TW0006925001,TPEx,2025-05-28
6929,佑全,TW0006929003,TPEx,2024-03-28
6953,家碩,TW0006953003,TPEx,2024-05-13
6967,汎瑋材料,TW0006967003,TPEx,2024-09-25
6968,萬達寵物,TW0006968001,TPEx,2024-08-14
6982,大井泵浦,TW0006982002,TPEx,2024-12-18
6996,力領科技,TW0006996002,TPEx,2024-12-10
6997,博弘,TW0006997000,TPEx,2024-12-16
7402,邑錡,TW0007402000,TPEx,2015-12-29
7547,碩網,TW0007547B12,TPEx,2025-07-29
7556,意德士,TW0007556B10,TPEx,2020-10-30
7584,樂意,TW0007584B16,TPEx,2024-07-25
7642,昶瑞機電,TW0007642B16,TPEx,2025-05-22
7703,銳澤,TW0007703001,TPEx,2024-11-13
7704,明遠精密,TW0007704009,TPEx,2024-12-16
7708,全家餐飲,TW0007708000,TPEx,2024-11-15
7709,榮田,TW0007709008,TPEx,2025-02-25
7712,博盛半導體,TW0007712002,TPEx,2024-12-26
7713,威力德生醫,TW0007713000,TPEx,2025-02-24
7714,創泓科技,TW0007714008,TPEx,2025-01-15
7715,裕山,TW0007715005,TPEx,2025-01-15
7718,友鋮,TW0007718009,TPEx,2025-03-18
7723,築間,TW0007723009,TPEx,2025-04-30
7728,光焱科技,TW0007728008,TPEx,2025-03-06
7734,印能科技,TW0007734006,TPEx,2025-02-26
7743,金利食安,TW0007743007,TPEx,2025-05-20
7747,昕奇雲端,TW0007747008,TPEx,2025-07-11
7751,竑騰,TW0007751000,TPEx,2025-08-26
7753,星亞,TW0007753006,TPEx,2025-08-11
8024,佑華,TW0008024001,TPEx,2006-09-25
8027,鈦昇,TW0008027004,TPEx,2015-06-09
8032,光菱,TW0008032004,TPEx,2003-10-02
8034,榮群,TW0008034000,TPEx,2004-05-06
8038,長園科,TW0008038001,TPEx,2013-11-21
8040,九暘,TW0008040007,TPEx,2007-04-30
8042,金山電,TW0008042003,TPEx,2004-03-22
8043,蜜望實,TW0008043001,TPEx,2003-10-24
8044,網家,TW0008044009,TPEx,2005-01-24
8047,星雲,TW0008047002,TPEx,2004-02-09
8048,德勝,TW0008048000,TPEx,2009-09-08
8049,晶采,TW0008049008,TPEx,2004-02-02
8050,廣積,TW0008050006,TPEx,2003-10-24
8054,安國,TW0008054008,TPEx,2004-11-08
8059,凱碩,TW0008059007,TPEx,2010-03-16
8064,東捷,TW0008064007,TPEx,2006-09-25
8066,來思達,TW0008066002,TPEx,2004-12-24
8067,志旭,TW0008067000,TPEx,2004-04-23
8068,全達,TW0008068008,TPEx,2004-03-25
8069,元太,TW0008069006,TPEx,2004-03-30
8071,能率網通,TW0008071002,TPEx,2003-12-29
8074,鉅橡,TW0008074006,TPEx,2004-01-27
8076,伍豐,TW0008076001,TPEx,2003-12-15
8077,洛碁,TW0008077009,TPEx,2004-12-06
8080,泰霖,TW0008080003,TPEx,2021-04-07
8083,瑞穎,TW0008083007,TPEx,2004-09-23
8084,巨虹,TW0008084005,TPEx,2004-03-08
8085,福華,TW0008085002,TPEx,2004-03-01
8086,宏捷科,TW0008086000,TPEx,2009-06-01
8087,麗升能源,TW0008087008,TPEx,2004-02-25
8088,品安,TW0008088006,TPEx,2004-02-27
8089,康全電訊,TW0008089004,TPEx,2020-09-23
8091,翔名,TW0008091000,TPEx,2004-06-24
8092,建暐,TW0008092008,TPEx,2004-02-02
8093,保銳,TW0008093006,TPEx,2004-12-31
8096,擎亞,TW0008096009,TPEx,2004-07-15
8097,常珵,TW0008097007,TPEx,2004-03-01
8099,大世科,TW0008099003,TPEx,2004-03-29
8107,大億金茂,TW0008107004,TPEx,2005-11-15
8109,博大,TW0008109000,TPEx,2005-03-22
8111,立碁,TW0008111006,TPEx,2004-02-09
8121,越峰,TW0008121005,TPEx,2005-02-17
8147,正淩,TW0008147000,TPEx,2013-04-30
8155,博智,TW0008155003,TPEx,2012-12-18
8171,天宇,TW0008171000,TPEx,2011-12-19
8176,智捷,TW0008176009,TPEx,2013-06-25
8182,加高,TW0008182007,TPEx,2006-05-25
8183,精星,TW0008183005,TPEx,2005-03-30
8227,巨有科技,TW0008227000,TPEx,2022-12-20
8234,新漢,TW0008234006,TPEx,2007-06-07
8240,華宏,TW0008240003,TPEx,2005-06-23
8255,朋程,TW0008255001,TPEx,2006-04-25
8272,全景軟體,TW0008272006,TPEx,2024-10-23
8277,商丞,TW0008277005,TPEx,2004-12-27
8279,生展,TW0008279001,TPEx,2016-09-26
8284,三竹,TW0008284001,TPEx,2020-05-18
8289,泰藝,TW0008289000,TPEx,2008-04-24
8291,尚茂,TW0008291006,TPEx,2011-11-29
8299,群聯,TW0008299009,TPEx,2004-12-06
8342,益張,TW0008342007,TPEx,2017-11-23
8349,恒耀,TW0008349002,TPEx,2006-03-10
8354,冠好,TW0008354002,TPEx,2004-04-15
8358,金居,TW0008358003,TPEx,2010-09-27
8383,千附,TW0008383001,TPEx,2004-09-10
8390,金益鼎,TW0008390006,TPEx,2008-05-21
8401,白紗科,TW0008401001,TPEx,2010-03-29
8403,盛弘,TW0008403007,TPEx,2011-03-01
8409,商之器,TW0008409004,TPEx,2013-11-25
8410,森田,TW0008410002,TPEx,2011-02-23
8415,大國鋼,TW0008415001,TPEx,2016-09-07
8416,實威,TW0008416009,TPEx,2012-09-19
8421,旭源,TW0008421009,TPEx,2012-11-23
8423,保綠-KY,KYG715991074,TPEx,2012-03-14
8424,惠普,TW0008424003,TPEx,2012-12-18
8426,紅木-KY,KYG7457N1051,TPEx,2011-12-13
8431,匯鑽科,TW0008431008,TPEx,2015-03-30
8432,東生華,TW0008432006,TPEx,2012-04-30
8433,弘帆,TW0008433004,TPEx,2012-12-19
8435,鉅邁,TW0008435009,TPEx,2012-12-28
8436,大江,TW0008436007,TPEx,2013-09-12
8437,大地-KY,KYG2615N1051,TPEx,2015-05-06
8440,綠電,TW0008440009,TPEx,2018-03-28
8444,綠河-KY,KYG409691006,TPEx,2015-10-27
8446,華研,TW0008446006,TPEx,2013-12-19
8450,霹靂,TW0008450008,TPEx,2014-10-07
8455,大拓-KY,KYG264101034,TPEx,2016-01-08
8472,夠麻吉,TW0008472002,TPEx,2016-01-11
8477,創業家,TW0008477001,TPEx,2025-08-25
8489,三貝德,TW0008489006,TPEx,2017-04-27
8905,裕國,TW0008905001,TPEx,1996-01-31
8906,花王,TW0008906009,TPEx,1996-04-23
8908,欣雄,TW0008908005,TPEx,1997-02-14
8916,光隆,TW0008916008,TPEx,1999-04-20
8917,欣泰,TW0008917006,TPEx,1999-05-06
8921,沈氏,TW0008921008,TPEx,2000-03-21
8923,時報,TW0008923004,TPEx,1999-12-27
8924,大田,TW0008924002,TPEx,2000-02-09
8927,北基,TW0008927005,TPEx,2000-11-02
8928,鉅明,TW0008928003,TPEx,2001-02-02
8929,富堡,TW0008929001,TPEx,2000-11-30
8930,青鋼,TW0008930009,TPEx,2000-12-06
8931,大汽電,TW0008931007,TPEx,2001-05-10
8932,智通*,TW0008932005,TPEx,2001-03-29
8933,愛地雅,TW0008933003,TPEx,2001-03-28
8935,邦泰,TW0008935008,TPEx,2002-03-26
8936,國統,TW0008936006,TPEx,2002-09-09
8937,合騏,TW0008937004,TPEx,2002-10-29
8938,明安,TW0008938002,TPEx,2002-12-02
8941,關中,TW0008941006,TPEx,2003-01-20
8942,森鉅,TW0008942004,TPEx,2003-05-16
9949,琉園,TW0009949008,TPEx,2003-11-21
9950,萬國通,TW0009950006,TPEx,2004-02-17
9951,皇田,TW0009951004,TPEx,2003-12-18
9960,邁達康,TW0009960005,TPEx,2004-12-06
9962,有益,TW0009962001,TPEx,2006-07-10
